UF;Município;Mês/Ano;Valor Transferido;Programa Social
RJ;SÃO SEBASTIÃO DO ALTO;01/2021;7200;Auxílio Emergencial
RJ;VARRE-SAI;01/2021;7500;Auxílio Emergencial
RJ;SÃO JOSÉ DE UBÁ;01/2021;8100;Auxílio Emergencial
RJ;LAJE DO MURIAÉ;01/2021;8700;Auxílio Emergencial
RJ;DUAS BARRAS;01/2021;12600;Auxílio Emergencial
RJ;RIO DAS FLORES;01/2021;14100;Auxílio Emergencial
RJ;ENGENHEIRO PAULO DE FRONTIN;01/2021;15600;Auxílio Emergencial
RJ;SANTA MARIA MADALENA;01/2021;15600;Auxílio Emergencial
RJ;CARDOSO MOREIRA;01/2021;16500;Auxílio Emergencial
RJ;CARMO;01/2021;16800;Auxílio Emergencial
RJ;SUMIDOURO;01/2021;17100;Auxílio Emergencial
RJ;PORCIÚNCULA;01/2021;17100;Auxílio Emergencial
RJ;APERIBÉ;01/2021;18900;Auxílio Emergencial
RJ;TRAJANO DE MORAIS;01/2021;20100;Auxílio Emergencial
RJ;SILVA JARDIM;01/2021;20700;Auxílio Emergencial
RJ;ITALVA;01/2021;21000;Auxílio Emergencial
RJ;COMENDADOR LEVY GASPARIAN;01/2021;21900;Auxílio Emergencial
RJ;CARAPEBUS;01/2021;22200;Auxílio Emergencial
RJ;NATIVIDADE;01/2021;22800;Auxílio Emergencial
RJ;MACUCO;01/2021;23400;Auxílio Emergencial
RJ;AREAL;01/2021;28800;Auxílio Emergencial
RJ;CAMBUCI;01/2021;29700;Auxílio Emergencial
RJ;CONCEIÇÃO DE MACABU;01/2021;31200;Auxílio Emergencial
RJ;MENDES;01/2021;31200;Auxílio Emergencial
RJ;RIO CLARO;01/2021;32100;Auxílio Emergencial
RJ;ITAOCARA;01/2021;32400;Auxílio Emergencial
RJ;QUATIS;01/2021;33000;Auxílio Emergencial
RJ;MIRACEMA;01/2021;34200;Auxílio Emergencial
RJ;SAPUCAIA;01/2021;36600;Auxílio Emergencial
RJ;TANGUÁ;01/2021;39300;Auxílio Emergencial
RJ;CANTAGALO;01/2021;39300;Auxílio Emergencial
RJ;PORTO REAL;01/2021;39300;Auxílio Emergencial
RJ;CORDEIRO;01/2021;42300;Auxílio Emergencial
RJ;SÃO FRANCISCO DE ITABAPOANA;01/2021;42600;Auxílio Emergencial
RJ;PATY DO ALFERES;01/2021;44700;Auxílio Emergencial
RJ;MIGUEL PEREIRA;01/2021;47100;Auxílio Emergencial
RJ;BOM JARDIM;01/2021;50700;Auxílio Emergencial
RJ;PINHEIRAL;01/2021;50700;Auxílio Emergencial
RJ;ITATIAIA;01/2021;51000;Auxílio Emergencial
RJ;SÃO JOSÉ DO VALE DO RIO PRETO;01/2021;51300;Auxílio Emergencial
RJ;IGUABA GRANDE;01/2021;54300;Auxílio Emergencial
RJ;QUISSAMÃ;01/2021;62100;Auxílio Emergencial
RJ;PIRAÍ;01/2021;63000;Auxílio Emergencial
RJ;BOM JESUS DO ITABAPOANA;01/2021;64200;Auxílio Emergencial
RJ;SANTO ANTÔNIO DE PÁDUA;01/2021;64800;Auxílio Emergencial
RJ;MANGARATIBA;01/2021;66300;Auxílio Emergencial
RJ;VASSOURAS;01/2021;67800;Auxílio Emergencial
RJ;ARRAIAL DO CABO;01/2021;69600;Auxílio Emergencial
RJ;SÃO FIDÉLIS;01/2021;72600;Auxílio Emergencial
RJ;CASIMIRO DE ABREU;01/2021;76800;Auxílio Emergencial
RJ;PARACAMBI;01/2021;76800;Auxílio Emergencial
RJ;SÃO JOÃO DA BARRA;01/2021;80100;Auxílio Emergencial
RJ;CACHOEIRAS DE MACACU;01/2021;81900;Auxílio Emergencial
RJ;PARAÍBA DO SUL;01/2021;83700;Auxílio Emergencial
RJ;RIO BONITO;01/2021;89100;Auxílio Emergencial
RJ;ARMAÇÃO DOS BÚZIOS;01/2021;89400;Auxílio Emergencial
RJ;PARATY;01/2021;104100;Auxílio Emergencial
RJ;VALENÇA;01/2021;112500;Auxílio Emergencial
RJ;GUAPIMIRIM;01/2021;131400;Auxílio Emergencial
RJ;SEROPÉDICA;01/2021;154200;Auxílio Emergencial
RJ;JAPERI;01/2021;160500;Auxílio Emergencial
RJ;BARRA DO PIRAÍ;01/2021;169500;Auxílio Emergencial
RJ;SAQUAREMA;01/2021;173100;Auxílio Emergencial
RJ;TRÊS RIOS;01/2021;187500;Auxílio Emergencial
RJ;ARARUAMA;01/2021;192000;Auxílio Emergencial
RJ;ITAPERUNA;01/2021;194400;Auxílio Emergencial
RJ;ITAGUAÍ;01/2021;217200;Auxílio Emergencial
RJ;SÃO PEDRO DA ALDEIA;01/2021;219000;Auxílio Emergencial
RJ;QUEIMADOS;01/2021;245100;Auxílio Emergencial
RJ;RESENDE;01/2021;265800;Auxílio Emergencial
RJ;TERESÓPOLIS;01/2021;286200;Auxílio Emergencial
RJ;ANGRA DOS REIS;01/2021;302400;Auxílio Emergencial
RJ;RIO DAS OSTRAS;01/2021;304500;Auxílio Emergencial
RJ;NOVA FRIBURGO;01/2021;309000;Auxílio Emergencial
RJ;MESQUITA;01/2021;312600;Auxílio Emergencial
RJ;NILÓPOLIS;01/2021;333300;Auxílio Emergencial
RJ;MARICÁ;01/2021;341700;Auxílio Emergencial
RJ;MAGÉ;01/2021;387300;Auxílio Emergencial
RJ;BARRA MANSA;01/2021;393000;Auxílio Emergencial
RJ;ITABORAÍ;01/2021;399900;Auxílio Emergencial
RJ;MACAÉ;01/2021;412800;Auxílio Emergencial
RJ;CABO FRIO;01/2021;478200;Auxílio Emergencial
RJ;PETRÓPOLIS;01/2021;539100;Auxílio Emergencial
RJ;VOLTA REDONDA;01/2021;680700;Auxílio Emergencial
RJ;BELFORD ROXO;01/2021;739500;Auxílio Emergencial
RJ;SÃO JOÃO DE MERITI;01/2021;880800;Auxílio Emergencial
RJ;CAMPOS DOS GOYTACAZES;01/2021;919800;Auxílio Emergencial
RJ;NITERÓI;01/2021;960600;Auxílio Emergencial
RJ;NOVA IGUAÇU;01/2021;1499400;Auxílio Emergencial
RJ;SÃO GONÇALO;01/2021;1687800;Auxílio Emergencial
RJ;DUQUE DE CAXIAS;01/2021;1740600;Auxílio Emergencial
RJ;RIO DE JANEIRO;01/2021;12314100;Auxílio Emergencial
RJ;SÃO JOSÉ DE UBÁ;04/2020;1343400;Auxílio Emergencial
RJ;COMENDADOR LEVY GASPARIAN;04/2020;1353600;Auxílio Emergencial
RJ;MACUCO;04/2020;1470600;Auxílio Emergencial
RJ;SANTA MARIA MADALENA;04/2020;1479000;Auxílio Emergencial
RJ;RIO DAS FLORES;04/2020;1565400;Auxílio Emergencial
RJ;LAJE DO MURIAÉ;04/2020;1592400;Auxílio Emergencial
RJ;SÃO SEBASTIÃO DO ALTO;04/2020;1650000;Auxílio Emergencial
RJ;TRAJANO DE MORAIS;04/2020;1863600;Auxílio Emergencial
RJ;APERIBÉ;04/2020;1995000;Auxílio Emergencial
RJ;DUAS BARRAS;04/2020;2031000;Auxílio Emergencial
RJ;QUATIS;04/2020;2087400;Auxílio Emergencial
RJ;ENGENHEIRO PAULO DE FRONTIN;04/2020;2205600;Auxílio Emergencial
RJ;VARRE-SAI;04/2020;2242800;Auxílio Emergencial
RJ;ITALVA;04/2020;2339400;Auxílio Emergencial
RJ;AREAL;04/2020;2418000;Auxílio Emergencial
RJ;CARDOSO MOREIRA;04/2020;2427000;Auxílio Emergencial
RJ;CARAPEBUS;04/2020;2557200;Auxílio Emergencial
RJ;NATIVIDADE;04/2020;2756400;Auxílio Emergencial
RJ;MENDES;04/2020;2812800;Auxílio Emergencial
RJ;RIO CLARO;04/2020;2881800;Auxílio Emergencial
RJ;CAMBUCI;04/2020;2997600;Auxílio Emergencial
RJ;CANTAGALO;04/2020;3096000;Auxílio Emergencial
RJ;PORTO REAL;04/2020;3138600;Auxílio Emergencial
RJ;CORDEIRO;04/2020;3162000;Auxílio Emergencial
RJ;SÃO JOSÉ DO VALE DO RIO PRETO;04/2020;3303000;Auxílio Emergencial
RJ;PORCIÚNCULA;04/2020;3352200;Auxílio Emergencial
RJ;CARMO;04/2020;3379200;Auxílio Emergencial
RJ;SUMIDOURO;04/2020;3436800;Auxílio Emergencial
RJ;SAPUCAIA;04/2020;3494400;Auxílio Emergencial
RJ;PINHEIRAL;04/2020;3824400;Auxílio Emergencial
RJ;ITAOCARA;04/2020;3941400;Auxílio Emergencial
RJ;PIRAÍ;04/2020;4131600;Auxílio Emergencial
RJ;BOM JARDIM;04/2020;4302600;Auxílio Emergencial
RJ;CONCEIÇÃO DE MACABU;04/2020;4418400;Auxílio Emergencial
RJ;QUISSAMÃ;04/2020;4695000;Auxílio Emergencial
RJ;ITATIAIA;04/2020;4719000;Auxílio Emergencial
RJ;SILVA JARDIM;04/2020;4752600;Auxílio Emergencial
RJ;MIGUEL PEREIRA;04/2020;4858200;Auxílio Emergencial
RJ;PATY DO ALFERES;04/2020;5326800;Auxílio Emergencial
RJ;IGUABA GRANDE;04/2020;5329800;Auxílio Emergencial
RJ;MIRACEMA;04/2020;5451000;Auxílio Emergencial
RJ;VASSOURAS;04/2020;5748600;Auxílio Emergencial
RJ;BOM JESUS DO ITABAPOANA;04/2020;6418800;Auxílio Emergencial
RJ;SANTO ANTÔNIO DE PÁDUA;04/2020;6558000;Auxílio Emergencial
RJ;PARAÍBA DO SUL;04/2020;6601200;Auxílio Emergencial
RJ;MANGARATIBA;04/2020;6741000;Auxílio Emergencial
RJ;CASIMIRO DE ABREU;04/2020;6764400;Auxílio Emergencial
RJ;SÃO FIDÉLIS;04/2020;6781800;Auxílio Emergencial
RJ;TANGUÁ;04/2020;6856800;Auxílio Emergencial
RJ;ARRAIAL DO CABO;04/2020;7081800;Auxílio Emergencial
RJ;PARATY;04/2020;7879800;Auxílio Emergencial
RJ;PARACAMBI;04/2020;8354400;Auxílio Emergencial
RJ;ARMAÇÃO DOS BÚZIOS;04/2020;8653200;Auxílio Emergencial
RJ;SÃO JOÃO DA BARRA;04/2020;8893800;Auxílio Emergencial
RJ;RIO BONITO;04/2020;10982400;Auxílio Emergencial
RJ;GUAPIMIRIM;04/2020;11388000;Auxílio Emergencial
RJ;SÃO FRANCISCO DE ITABAPOANA;04/2020;11579400;Auxílio Emergencial
RJ;CACHOEIRAS DE MACACU;04/2020;12067800;Auxílio Emergencial
RJ;VALENÇA;04/2020;12133200;Auxílio Emergencial
RJ;BARRA DO PIRAÍ;04/2020;13629600;Auxílio Emergencial
RJ;TRÊS RIOS;04/2020;14013600;Auxílio Emergencial
RJ;ITAPERUNA;04/2020;14787600;Auxílio Emergencial
RJ;SAQUAREMA;04/2020;15453000;Auxílio Emergencial
RJ;RESENDE;04/2020;16091400;Auxílio Emergencial
RJ;SÃO PEDRO DA ALDEIA;04/2020;17367000;Auxílio Emergencial
RJ;SEROPÉDICA;04/2020;18532200;Auxílio Emergencial
RJ;JAPERI;04/2020;21601800;Auxílio Emergencial
RJ;BARRA MANSA;04/2020;22998000;Auxílio Emergencial
RJ;ITAGUAÍ;04/2020;23671200;Auxílio Emergencial
RJ;NILÓPOLIS;04/2020;24646200;Auxílio Emergencial
RJ;RIO DAS OSTRAS;04/2020;25614600;Auxílio Emergencial
RJ;NOVA FRIBURGO;04/2020;26401800;Auxílio Emergencial
RJ;TERESÓPOLIS;04/2020;26493000;Auxílio Emergencial
RJ;ARARUAMA;04/2020;27988200;Auxílio Emergencial
RJ;ANGRA DOS REIS;04/2020;30396000;Auxílio Emergencial
RJ;QUEIMADOS;04/2020;30643800;Auxílio Emergencial
RJ;MARICÁ;04/2020;30916800;Auxílio Emergencial
RJ;MESQUITA;04/2020;32197800;Auxílio Emergencial
RJ;VOLTA REDONDA;04/2020;34854600;Auxílio Emergencial
RJ;MACAÉ;04/2020;39193800;Auxílio Emergencial
RJ;CABO FRIO;04/2020;39718200;Auxílio Emergencial
RJ;PETRÓPOLIS;04/2020;42526200;Auxílio Emergencial
RJ;ITABORAÍ;04/2020;45883800;Auxílio Emergencial
RJ;MAGÉ;04/2020;52053600;Auxílio Emergencial
RJ;NITERÓI;04/2020;63262800;Auxílio Emergencial
RJ;SÃO JOÃO DE MERITI;04/2020;71847600;Auxílio Emergencial
RJ;CAMPOS DOS GOYTACAZES;04/2020;96790200;Auxílio Emergencial
RJ;BELFORD ROXO;04/2020;103162800;Auxílio Emergencial
RJ;SÃO GONÇALO;04/2020;160768800;Auxílio Emergencial
RJ;DUQUE DE CAXIAS;04/2020;164952000;Auxílio Emergencial
RJ;NOVA IGUAÇU;04/2020;173602800;Auxílio Emergencial
RJ;RIO DE JANEIRO;04/2020;957648000;Auxílio Emergencial
RJ;SÃO JOSÉ DE UBÁ;05/2020;1571400;Auxílio Emergencial
RJ;COMENDADOR LEVY GASPARIAN;05/2020;1619400;Auxílio Emergencial
RJ;MACUCO;05/2020;1681800;Auxílio Emergencial
RJ;SANTA MARIA MADALENA;05/2020;1768200;Auxílio Emergencial
RJ;LAJE DO MURIAÉ;05/2020;1810200;Auxílio Emergencial
RJ;SÃO SEBASTIÃO DO ALTO;05/2020;1856400;Auxílio Emergencial
RJ;RIO DAS FLORES;05/2020;1857600;Auxílio Emergencial
RJ;TRAJANO DE MORAIS;05/2020;2149200;Auxílio Emergencial
RJ;APERIBÉ;05/2020;2331600;Auxílio Emergencial
RJ;VARRE-SAI;05/2020;2508000;Auxílio Emergencial
RJ;QUATIS;05/2020;2528400;Auxílio Emergencial
RJ;DUAS BARRAS;05/2020;2533800;Auxílio Emergencial
RJ;ENGENHEIRO PAULO DE FRONTIN;05/2020;2559600;Auxílio Emergencial
RJ;ITALVA;05/2020;2754600;Auxílio Emergencial
RJ;AREAL;05/2020;2846400;Auxílio Emergencial
RJ;CARDOSO MOREIRA;05/2020;2847600;Auxílio Emergencial
RJ;CARAPEBUS;05/2020;2971800;Auxílio Emergencial
RJ;NATIVIDADE;05/2020;3125400;Auxílio Emergencial
RJ;MENDES;05/2020;3290400;Auxílio Emergencial
RJ;CAMBUCI;05/2020;3411600;Auxílio Emergencial
RJ;RIO CLARO;05/2020;3462600;Auxílio Emergencial
RJ;PORTO REAL;05/2020;3724800;Auxílio Emergencial
RJ;CANTAGALO;05/2020;3747600;Auxílio Emergencial
RJ;CARMO;05/2020;3766200;Auxílio Emergencial
RJ;PORCIÚNCULA;05/2020;3838200;Auxílio Emergencial
RJ;CORDEIRO;05/2020;3955200;Auxílio Emergencial
RJ;SUMIDOURO;05/2020;4125000;Auxílio Emergencial
RJ;SAPUCAIA;05/2020;4149600;Auxílio Emergencial
RJ;SÃO JOSÉ DO VALE DO RIO PRETO;05/2020;4165800;Auxílio Emergencial
RJ;PINHEIRAL;05/2020;4516800;Auxílio Emergencial
RJ;ITAOCARA;05/2020;4652400;Auxílio Emergencial
RJ;PIRAÍ;05/2020;4972800;Auxílio Emergencial
RJ;CONCEIÇÃO DE MACABU;05/2020;5073600;Auxílio Emergencial
RJ;SILVA JARDIM;05/2020;5324400;Auxílio Emergencial
RJ;QUISSAMÃ;05/2020;5343000;Auxílio Emergencial
RJ;BOM JARDIM;05/2020;5491800;Auxílio Emergencial
RJ;MIGUEL PEREIRA;05/2020;5736600;Auxílio Emergencial
RJ;ITATIAIA;05/2020;5761800;Auxílio Emergencial
RJ;MIRACEMA;05/2020;6126600;Auxílio Emergencial
RJ;IGUABA GRANDE;05/2020;6312600;Auxílio Emergencial
RJ;PATY DO ALFERES;05/2020;6442200;Auxílio Emergencial
RJ;VASSOURAS;05/2020;6970800;Auxílio Emergencial
RJ;BOM JESUS DO ITABAPOANA;05/2020;7612800;Auxílio Emergencial
RJ;SÃO FIDÉLIS;05/2020;7783200;Auxílio Emergencial
RJ;TANGUÁ;05/2020;8037600;Auxílio Emergencial
RJ;SANTO ANTÔNIO DE PÁDUA;05/2020;8076000;Auxílio Emergencial
RJ;PARAÍBA DO SUL;05/2020;8091600;Auxílio Emergencial
RJ;ARRAIAL DO CABO;05/2020;8450400;Auxílio Emergencial
RJ;MANGARATIBA;05/2020;8582400;Auxílio Emergencial
RJ;CASIMIRO DE ABREU;05/2020;8586000;Auxílio Emergencial
RJ;PARACAMBI;05/2020;9358200;Auxílio Emergencial
RJ;PARATY;05/2020;9903600;Auxílio Emergencial
RJ;SÃO JOÃO DA BARRA;05/2020;10298400;Auxílio Emergencial
RJ;ARMAÇÃO DOS BÚZIOS;05/2020;11425800;Auxílio Emergencial
RJ;RIO BONITO;05/2020;12719400;Auxílio Emergencial
RJ;GUAPIMIRIM;05/2020;13014000;Auxílio Emergencial
RJ;SÃO FRANCISCO DE ITABAPOANA;05/2020;13408800;Auxílio Emergencial
RJ;VALENÇA;05/2020;14119800;Auxílio Emergencial
RJ;CACHOEIRAS DE MACACU;05/2020;14222400;Auxílio Emergencial
RJ;TRÊS RIOS;05/2020;16275600;Auxílio Emergencial
RJ;BARRA DO PIRAÍ;05/2020;16662000;Auxílio Emergencial
RJ;ITAPERUNA;05/2020;18517200;Auxílio Emergencial
RJ;SAQUAREMA;05/2020;19812000;Auxílio Emergencial
RJ;RESENDE;05/2020;20265000;Auxílio Emergencial
RJ;SEROPÉDICA;05/2020;20947800;Auxílio Emergencial
RJ;SÃO PEDRO DA ALDEIA;05/2020;21028800;Auxílio Emergencial
RJ;JAPERI;05/2020;24951000;Auxílio Emergencial
RJ;ITAGUAÍ;05/2020;29462400;Auxílio Emergencial
RJ;BARRA MANSA;05/2020;29489400;Auxílio Emergencial
RJ;NILÓPOLIS;05/2020;30308400;Auxílio Emergencial
RJ;RIO DAS OSTRAS;05/2020;31929000;Auxílio Emergencial
RJ;ARARUAMA;05/2020;33055800;Auxílio Emergencial
RJ;TERESÓPOLIS;05/2020;33540000;Auxílio Emergencial
RJ;NOVA FRIBURGO;05/2020;34168200;Auxílio Emergencial
RJ;MARICÁ;05/2020;36519000;Auxílio Emergencial
RJ;QUEIMADOS;05/2020;36584400;Auxílio Emergencial
RJ;ANGRA DOS REIS;05/2020;36649200;Auxílio Emergencial
RJ;MESQUITA;05/2020;38730000;Auxílio Emergencial
RJ;VOLTA REDONDA;05/2020;43399800;Auxílio Emergencial
RJ;MACAÉ;05/2020;48768000;Auxílio Emergencial
RJ;CABO FRIO;05/2020;50662200;Auxílio Emergencial
RJ;PETRÓPOLIS;05/2020;54606000;Auxílio Emergencial
RJ;ITABORAÍ;05/2020;55234800;Auxílio Emergencial
RJ;MAGÉ;05/2020;62042400;Auxílio Emergencial
RJ;NITERÓI;05/2020;79837800;Auxílio Emergencial
RJ;SÃO JOÃO DE MERITI;05/2020;93528000;Auxílio Emergencial
RJ;CAMPOS DOS GOYTACAZES;05/2020;114480000;Auxílio Emergencial
RJ;BELFORD ROXO;05/2020;120083400;Auxílio Emergencial
RJ;SÃO GONÇALO;05/2020;197228400;Auxílio Emergencial
RJ;DUQUE DE CAXIAS;05/2020;205302600;Auxílio Emergencial
RJ;NOVA IGUAÇU;05/2020;206278200;Auxílio Emergencial
RJ;RIO DE JANEIRO;05/2020;1211919600;Auxílio Emergencial
RJ;MACUCO;06/2020;1012200;Auxílio Emergencial
RJ;SÃO JOSÉ DE UBÁ;06/2020;1039200;Auxílio Emergencial
RJ;COMENDADOR LEVY GASPARIAN;06/2020;1065000;Auxílio Emergencial
RJ;SANTA MARIA MADALENA;06/2020;1158000;Auxílio Emergencial
RJ;RIO DAS FLORES;06/2020;1213200;Auxílio Emergencial
RJ;SÃO SEBASTIÃO DO ALTO;06/2020;1220400;Auxílio Emergencial
RJ;LAJE DO MURIAÉ;06/2020;1242000;Auxílio Emergencial
RJ;APERIBÉ;06/2020;1459800;Auxílio Emergencial
RJ;TRAJANO DE MORAIS;06/2020;1500000;Auxílio Emergencial
RJ;DUAS BARRAS;06/2020;1553400;Auxílio Emergencial
RJ;QUATIS;06/2020;1633200;Auxílio Emergencial
RJ;ENGENHEIRO PAULO DE FRONTIN;06/2020;1746000;Auxílio Emergencial
RJ;VARRE-SAI;06/2020;1756800;Auxílio Emergencial
RJ;ITALVA;06/2020;1829400;Auxílio Emergencial
RJ;AREAL;06/2020;1836600;Auxílio Emergencial
RJ;CARAPEBUS;06/2020;1883400;Auxílio Emergencial
RJ;CARDOSO MOREIRA;06/2020;1899000;Auxílio Emergencial
RJ;NATIVIDADE;06/2020;2102400;Auxílio Emergencial
RJ;MENDES;06/2020;2194800;Auxílio Emergencial
RJ;RIO CLARO;06/2020;2287200;Auxílio Emergencial
RJ;CAMBUCI;06/2020;2289600;Auxílio Emergencial
RJ;CANTAGALO;06/2020;2360400;Auxílio Emergencial
RJ;CORDEIRO;06/2020;2451600;Auxílio Emergencial
RJ;PORTO REAL;06/2020;2479800;Auxílio Emergencial
RJ;PORCIÚNCULA;06/2020;2486400;Auxílio Emergencial
RJ;CARMO;06/2020;2542800;Auxílio Emergencial
RJ;SAPUCAIA;06/2020;2614800;Auxílio Emergencial
RJ;SÃO JOSÉ DO VALE DO RIO PRETO;06/2020;2730600;Auxílio Emergencial
RJ;SUMIDOURO;06/2020;2936400;Auxílio Emergencial
RJ;ITAOCARA;06/2020;2973600;Auxílio Emergencial
RJ;PINHEIRAL;06/2020;3098400;Auxílio Emergencial
RJ;BOM JARDIM;06/2020;3316800;Auxílio Emergencial
RJ;CONCEIÇÃO DE MACABU;06/2020;3350400;Auxílio Emergencial
RJ;QUISSAMÃ;06/2020;3392400;Auxílio Emergencial
RJ;PIRAÍ;06/2020;3430800;Auxílio Emergencial
RJ;MIGUEL PEREIRA;06/2020;3635400;Auxílio Emergencial
RJ;ITATIAIA;06/2020;3711000;Auxílio Emergencial
RJ;SILVA JARDIM;06/2020;3733800;Auxílio Emergencial
RJ;IGUABA GRANDE;06/2020;4015200;Auxílio Emergencial
RJ;MIRACEMA;06/2020;4084800;Auxílio Emergencial
RJ;PATY DO ALFERES;06/2020;4270800;Auxílio Emergencial
RJ;VASSOURAS;06/2020;4327200;Auxílio Emergencial
RJ;BOM JESUS DO ITABAPOANA;06/2020;4692600;Auxílio Emergencial
RJ;ARRAIAL DO CABO;06/2020;4745400;Auxílio Emergencial
RJ;SANTO ANTÔNIO DE PÁDUA;06/2020;4785000;Auxílio Emergencial
RJ;PARAÍBA DO SUL;06/2020;5056200;Auxílio Emergencial
RJ;MANGARATIBA;06/2020;5224800;Auxílio Emergencial
RJ;SÃO FIDÉLIS;06/2020;5432400;Auxílio Emergencial
RJ;CASIMIRO DE ABREU;06/2020;5533800;Auxílio Emergencial
RJ;TANGUÁ;06/2020;5534400;Auxílio Emergencial
RJ;PARATY;06/2020;5949000;Auxílio Emergencial
RJ;ARMAÇÃO DOS BÚZIOS;06/2020;6483600;Auxílio Emergencial
RJ;SÃO JOÃO DA BARRA;06/2020;6610800;Auxílio Emergencial
RJ;PARACAMBI;06/2020;6769800;Auxílio Emergencial
RJ;RIO BONITO;06/2020;8469000;Auxílio Emergencial
RJ;GUAPIMIRIM;06/2020;8951400;Auxílio Emergencial
RJ;CACHOEIRAS DE MACACU;06/2020;9291000;Auxílio Emergencial
RJ;SÃO FRANCISCO DE ITABAPOANA;06/2020;9369000;Auxílio Emergencial
RJ;VALENÇA;06/2020;9639000;Auxílio Emergencial
RJ;TRÊS RIOS;06/2020;10513800;Auxílio Emergencial
RJ;BARRA DO PIRAÍ;06/2020;10688400;Auxílio Emergencial
RJ;ITAPERUNA;06/2020;10911000;Auxílio Emergencial
RJ;SAQUAREMA;06/2020;11806200;Auxílio Emergencial
RJ;RESENDE;06/2020;12077400;Auxílio Emergencial
RJ;SÃO PEDRO DA ALDEIA;06/2020;13398600;Auxílio Emergencial
RJ;SEROPÉDICA;06/2020;13910400;Auxílio Emergencial
RJ;JAPERI;06/2020;17918400;Auxílio Emergencial
RJ;RIO DAS OSTRAS;06/2020;18593400;Auxílio Emergencial
RJ;BARRA MANSA;06/2020;18795600;Auxílio Emergencial
RJ;ITAGUAÍ;06/2020;19416000;Auxílio Emergencial
RJ;NOVA FRIBURGO;06/2020;19642200;Auxílio Emergencial
RJ;TERESÓPOLIS;06/2020;19885200;Auxílio Emergencial
RJ;NILÓPOLIS;06/2020;19978800;Auxílio Emergencial
RJ;MARICÁ;06/2020;20474400;Auxílio Emergencial
RJ;ARARUAMA;06/2020;21410400;Auxílio Emergencial
RJ;ANGRA DOS REIS;06/2020;23656800;Auxílio Emergencial
RJ;QUEIMADOS;06/2020;24902400;Auxílio Emergencial
RJ;MESQUITA;06/2020;26203200;Auxílio Emergencial
RJ;VOLTA REDONDA;06/2020;27603600;Auxílio Emergencial
RJ;MACAÉ;06/2020;28985400;Auxílio Emergencial
RJ;CABO FRIO;06/2020;30547800;Auxílio Emergencial
RJ;PETRÓPOLIS;06/2020;33365400;Auxílio Emergencial
RJ;ITABORAÍ;06/2020;36604800;Auxílio Emergencial
RJ;MAGÉ;06/2020;40341000;Auxílio Emergencial
RJ;NITERÓI;06/2020;48961200;Auxílio Emergencial
RJ;SÃO JOÃO DE MERITI;06/2020;57492600;Auxílio Emergencial
RJ;CAMPOS DOS GOYTACAZES;06/2020;79485600;Auxílio Emergencial
RJ;BELFORD ROXO;06/2020;82911600;Auxílio Emergencial
RJ;SÃO GONÇALO;06/2020;129231600;Auxílio Emergencial
RJ;DUQUE DE CAXIAS;06/2020;132607800;Auxílio Emergencial
RJ;NOVA IGUAÇU;06/2020;141276000;Auxílio Emergencial
RJ;RIO DE JANEIRO;06/2020;740594400;Auxílio Emergencial
RJ;SÃO JOSÉ DE UBÁ;07/2020;1594800;Auxílio Emergencial
RJ;COMENDADOR LEVY GASPARIAN;07/2020;1692000;Auxílio Emergencial
RJ;MACUCO;07/2020;1717200;Auxílio Emergencial
RJ;LAJE DO MURIAÉ;07/2020;1820400;Auxílio Emergencial
RJ;SANTA MARIA MADALENA;07/2020;1842000;Auxílio Emergencial
RJ;SÃO SEBASTIÃO DO ALTO;07/2020;1873200;Auxílio Emergencial
RJ;RIO DAS FLORES;07/2020;1878000;Auxílio Emergencial
RJ;TRAJANO DE MORAIS;07/2020;2155200;Auxílio Emergencial
RJ;APERIBÉ;07/2020;2406600;Auxílio Emergencial
RJ;VARRE-SAI;07/2020;2544600;Auxílio Emergencial
RJ;ENGENHEIRO PAULO DE FRONTIN;07/2020;2622000;Auxílio Emergencial
RJ;DUAS BARRAS;07/2020;2626200;Auxílio Emergencial
RJ;QUATIS;07/2020;2655600;Auxílio Emergencial
RJ;ITALVA;07/2020;2809800;Auxílio Emergencial
RJ;CARDOSO MOREIRA;07/2020;2925000;Auxílio Emergencial
RJ;AREAL;07/2020;2941200;Auxílio Emergencial
RJ;CARAPEBUS;07/2020;3098400;Auxílio Emergencial
RJ;NATIVIDADE;07/2020;3190800;Auxílio Emergencial
RJ;CAMBUCI;07/2020;3416400;Auxílio Emergencial
RJ;MENDES;07/2020;3426600;Auxílio Emergencial
RJ;RIO CLARO;07/2020;3618600;Auxílio Emergencial
RJ;CARMO;07/2020;3807600;Auxílio Emergencial
RJ;PORTO REAL;07/2020;3860400;Auxílio Emergencial
RJ;PORCIÚNCULA;07/2020;3878400;Auxílio Emergencial
RJ;CANTAGALO;07/2020;3895800;Auxílio Emergencial
RJ;CORDEIRO;07/2020;4098000;Auxílio Emergencial
RJ;SUMIDOURO;07/2020;4237800;Auxílio Emergencial
RJ;SAPUCAIA;07/2020;4313400;Auxílio Emergencial
RJ;SÃO JOSÉ DO VALE DO RIO PRETO;07/2020;4339200;Auxílio Emergencial
RJ;PINHEIRAL;07/2020;4638000;Auxílio Emergencial
RJ;ITAOCARA;07/2020;4784400;Auxílio Emergencial
RJ;PIRAÍ;07/2020;5158200;Auxílio Emergencial
RJ;CONCEIÇÃO DE MACABU;07/2020;5211600;Auxílio Emergencial
RJ;QUISSAMÃ;07/2020;5350800;Auxílio Emergencial
RJ;SILVA JARDIM;07/2020;5432400;Auxílio Emergencial
RJ;BOM JARDIM;07/2020;5780400;Auxílio Emergencial
RJ;MIGUEL PEREIRA;07/2020;5916000;Auxílio Emergencial
RJ;ITATIAIA;07/2020;5992800;Auxílio Emergencial
RJ;MIRACEMA;07/2020;6162000;Auxílio Emergencial
RJ;IGUABA GRANDE;07/2020;6642000;Auxílio Emergencial
RJ;PATY DO ALFERES;07/2020;6676800;Auxílio Emergencial
RJ;VASSOURAS;07/2020;7228800;Auxílio Emergencial
RJ;BOM JESUS DO ITABAPOANA;07/2020;7833600;Auxílio Emergencial
RJ;SÃO FIDÉLIS;07/2020;7915800;Auxílio Emergencial
RJ;TANGUÁ;07/2020;8286600;Auxílio Emergencial
RJ;SANTO ANTÔNIO DE PÁDUA;07/2020;8361600;Auxílio Emergencial
RJ;PARAÍBA DO SUL;07/2020;8475000;Auxílio Emergencial
RJ;ARRAIAL DO CABO;07/2020;8853600;Auxílio Emergencial
RJ;MANGARATIBA;07/2020;9038400;Auxílio Emergencial
RJ;CASIMIRO DE ABREU;07/2020;9091200;Auxílio Emergencial
RJ;PARACAMBI;07/2020;9712200;Auxílio Emergencial
RJ;PARATY;07/2020;10323000;Auxílio Emergencial
RJ;SÃO JOÃO DA BARRA;07/2020;10636800;Auxílio Emergencial
RJ;ARMAÇÃO DOS BÚZIOS;07/2020;12102600;Auxílio Emergencial
RJ;RIO BONITO;07/2020;12940800;Auxílio Emergencial
RJ;GUAPIMIRIM;07/2020;13410000;Auxílio Emergencial
RJ;SÃO FRANCISCO DE ITABAPOANA;07/2020;13415400;Auxílio Emergencial
RJ;VALENÇA;07/2020;14591400;Auxílio Emergencial
RJ;CACHOEIRAS DE MACACU;07/2020;14817000;Auxílio Emergencial
RJ;TRÊS RIOS;07/2020;16731000;Auxílio Emergencial
RJ;BARRA DO PIRAÍ;07/2020;17341200;Auxílio Emergencial
RJ;ITAPERUNA;07/2020;19413000;Auxílio Emergencial
RJ;SAQUAREMA;07/2020;20893200;Auxílio Emergencial
RJ;SEROPÉDICA;07/2020;21412200;Auxílio Emergencial
RJ;RESENDE;07/2020;21593400;Auxílio Emergencial
RJ;SÃO PEDRO DA ALDEIA;07/2020;22426200;Auxílio Emergencial
RJ;JAPERI;07/2020;25893600;Auxílio Emergencial
RJ;ITAGUAÍ;07/2020;30903000;Auxílio Emergencial
RJ;BARRA MANSA;07/2020;31192800;Auxílio Emergencial
RJ;NILÓPOLIS;07/2020;32154600;Auxílio Emergencial
RJ;RIO DAS OSTRAS;07/2020;33636600;Auxílio Emergencial
RJ;ARARUAMA;07/2020;34371000;Auxílio Emergencial
RJ;TERESÓPOLIS;07/2020;35010600;Auxílio Emergencial
RJ;NOVA FRIBURGO;07/2020;35902200;Auxílio Emergencial
RJ;MARICÁ;07/2020;37925400;Auxílio Emergencial
RJ;ANGRA DOS REIS;07/2020;38118600;Auxílio Emergencial
RJ;QUEIMADOS;07/2020;38223000;Auxílio Emergencial
RJ;MESQUITA;07/2020;40865400;Auxílio Emergencial
RJ;VOLTA REDONDA;07/2020;45865800;Auxílio Emergencial
RJ;MACAÉ;07/2020;50707800;Auxílio Emergencial
RJ;CABO FRIO;07/2020;53510400;Auxílio Emergencial
RJ;ITABORAÍ;07/2020;57400200;Auxílio Emergencial
RJ;PETRÓPOLIS;07/2020;57561600;Auxílio Emergencial
RJ;MAGÉ;07/2020;63636000;Auxílio Emergencial
RJ;NITERÓI;07/2020;84597600;Auxílio Emergencial
RJ;SÃO JOÃO DE MERITI;07/2020;99306600;Auxílio Emergencial
RJ;CAMPOS DOS GOYTACAZES;07/2020;117984600;Auxílio Emergencial
RJ;BELFORD ROXO;07/2020;124680000;Auxílio Emergencial
RJ;SÃO GONÇALO;07/2020;206960400;Auxílio Emergencial
RJ;NOVA IGUAÇU;07/2020;215338800;Auxílio Emergencial
RJ;DUQUE DE CAXIAS;07/2020;215743200;Auxílio Emergencial
RJ;RIO DE JANEIRO;07/2020;1284261600;Auxílio Emergencial
RJ;SÃO JOSÉ DE UBÁ;08/2020;1432200;Auxílio Emergencial
RJ;MACUCO;08/2020;1486200;Auxílio Emergencial
RJ;COMENDADOR LEVY GASPARIAN;08/2020;1518000;Auxílio Emergencial
RJ;SANTA MARIA MADALENA;08/2020;1594200;Auxílio Emergencial
RJ;RIO DAS FLORES;08/2020;1649400;Auxílio Emergencial
RJ;LAJE DO MURIAÉ;08/2020;1650000;Auxílio Emergencial
RJ;SÃO SEBASTIÃO DO ALTO;08/2020;1663800;Auxílio Emergencial
RJ;TRAJANO DE MORAIS;08/2020;1932000;Auxílio Emergencial
RJ;APERIBÉ;08/2020;2088600;Auxílio Emergencial
RJ;DUAS BARRAS;08/2020;2277000;Auxílio Emergencial
RJ;VARRE-SAI;08/2020;2290800;Auxílio Emergencial
RJ;ENGENHEIRO PAULO DE FRONTIN;08/2020;2353200;Auxílio Emergencial
RJ;QUATIS;08/2020;2386800;Auxílio Emergencial
RJ;ITALVA;08/2020;2546400;Auxílio Emergencial
RJ;CARDOSO MOREIRA;08/2020;2613000;Auxílio Emergencial
RJ;AREAL;08/2020;2617200;Auxílio Emergencial
RJ;CARAPEBUS;08/2020;2721600;Auxílio Emergencial
RJ;NATIVIDADE;08/2020;2860200;Auxílio Emergencial
RJ;MENDES;08/2020;3074400;Auxílio Emergencial
RJ;CAMBUCI;08/2020;3091200;Auxílio Emergencial
RJ;RIO CLARO;08/2020;3245400;Auxílio Emergencial
RJ;PORCIÚNCULA;08/2020;3418200;Auxílio Emergencial
RJ;CARMO;08/2020;3421200;Auxílio Emergencial
RJ;CANTAGALO;08/2020;3433800;Auxílio Emergencial
RJ;PORTO REAL;08/2020;3473400;Auxílio Emergencial
RJ;CORDEIRO;08/2020;3528000;Auxílio Emergencial
RJ;SAPUCAIA;08/2020;3773400;Auxílio Emergencial
RJ;SUMIDOURO;08/2020;3850200;Auxílio Emergencial
RJ;SÃO JOSÉ DO VALE DO RIO PRETO;08/2020;3916800;Auxílio Emergencial
RJ;ITAOCARA;08/2020;4160400;Auxílio Emergencial
RJ;PINHEIRAL;08/2020;4248600;Auxílio Emergencial
RJ;CONCEIÇÃO DE MACABU;08/2020;4623000;Auxílio Emergencial
RJ;QUISSAMÃ;08/2020;4653600;Auxílio Emergencial
RJ;PIRAÍ;08/2020;4734000;Auxílio Emergencial
RJ;SILVA JARDIM;08/2020;4902000;Auxílio Emergencial
RJ;BOM JARDIM;08/2020;5065200;Auxílio Emergencial
RJ;MIGUEL PEREIRA;08/2020;5169600;Auxílio Emergencial
RJ;ITATIAIA;08/2020;5437200;Auxílio Emergencial
RJ;MIRACEMA;08/2020;5499000;Auxílio Emergencial
RJ;IGUABA GRANDE;08/2020;5836800;Auxílio Emergencial
RJ;PATY DO ALFERES;08/2020;5971800;Auxílio Emergencial
RJ;VASSOURAS;08/2020;6379200;Auxílio Emergencial
RJ;BOM JESUS DO ITABAPOANA;08/2020;6835800;Auxílio Emergencial
RJ;SÃO FIDÉLIS;08/2020;7141800;Auxílio Emergencial
RJ;SANTO ANTÔNIO DE PÁDUA;08/2020;7299600;Auxílio Emergencial
RJ;PARAÍBA DO SUL;08/2020;7479000;Auxílio Emergencial
RJ;TANGUÁ;08/2020;7529400;Auxílio Emergencial
RJ;ARRAIAL DO CABO;08/2020;7593600;Auxílio Emergencial
RJ;MANGARATIBA;08/2020;7857600;Auxílio Emergencial
RJ;CASIMIRO DE ABREU;08/2020;8029800;Auxílio Emergencial
RJ;PARACAMBI;08/2020;8862000;Auxílio Emergencial
RJ;PARATY;08/2020;9123000;Auxílio Emergencial
RJ;SÃO JOÃO DA BARRA;08/2020;9448800;Auxílio Emergencial
RJ;ARMAÇÃO DOS BÚZIOS;08/2020;10420200;Auxílio Emergencial
RJ;RIO BONITO;08/2020;11661000;Auxílio Emergencial
RJ;SÃO FRANCISCO DE ITABAPOANA;08/2020;12010800;Auxílio Emergencial
RJ;GUAPIMIRIM;08/2020;12056400;Auxílio Emergencial
RJ;CACHOEIRAS DE MACACU;08/2020;13057800;Auxílio Emergencial
RJ;VALENÇA;08/2020;13242600;Auxílio Emergencial
RJ;TRÊS RIOS;08/2020;14873400;Auxílio Emergencial
RJ;BARRA DO PIRAÍ;08/2020;15362400;Auxílio Emergencial
RJ;ITAPERUNA;08/2020;16903800;Auxílio Emergencial
RJ;SAQUAREMA;08/2020;18330000;Auxílio Emergencial
RJ;RESENDE;08/2020;19278000;Auxílio Emergencial
RJ;SEROPÉDICA;08/2020;19335600;Auxílio Emergencial
RJ;SÃO PEDRO DA ALDEIA;08/2020;20454000;Auxílio Emergencial
RJ;JAPERI;08/2020;23626800;Auxílio Emergencial
RJ;ITAGUAÍ;08/2020;27511200;Auxílio Emergencial
RJ;BARRA MANSA;08/2020;27925200;Auxílio Emergencial
RJ;NILÓPOLIS;08/2020;29119800;Auxílio Emergencial
RJ;RIO DAS OSTRAS;08/2020;29364600;Auxílio Emergencial
RJ;ARARUAMA;08/2020;30442200;Auxílio Emergencial
RJ;TERESÓPOLIS;08/2020;30646800;Auxílio Emergencial
RJ;NOVA FRIBURGO;08/2020;31504800;Auxílio Emergencial
RJ;MARICÁ;08/2020;32581800;Auxílio Emergencial
RJ;ANGRA DOS REIS;08/2020;33932400;Auxílio Emergencial
RJ;QUEIMADOS;08/2020;34260600;Auxílio Emergencial
RJ;MESQUITA;08/2020;36622800;Auxílio Emergencial
RJ;VOLTA REDONDA;08/2020;41282400;Auxílio Emergencial
RJ;MACAÉ;08/2020;44541000;Auxílio Emergencial
RJ;CABO FRIO;08/2020;47010000;Auxílio Emergencial
RJ;PETRÓPOLIS;08/2020;51175800;Auxílio Emergencial
RJ;ITABORAÍ;08/2020;51283200;Auxílio Emergencial
RJ;MAGÉ;08/2020;56217600;Auxílio Emergencial
RJ;NITERÓI;08/2020;74434800;Auxílio Emergencial
RJ;SÃO JOÃO DE MERITI;08/2020;87310200;Auxílio Emergencial
RJ;CAMPOS DOS GOYTACAZES;08/2020;106478400;Auxílio Emergencial
RJ;BELFORD ROXO;08/2020;112031400;Auxílio Emergencial
RJ;SÃO GONÇALO;08/2020;184933200;Auxílio Emergencial
RJ;DUQUE DE CAXIAS;08/2020;191334600;Auxílio Emergencial
RJ;NOVA IGUAÇU;08/2020;194412000;Auxílio Emergencial
RJ;RIO DE JANEIRO;08/2020;1136416800;Auxílio Emergencial
RJ;SÃO JOSÉ DE UBÁ;09/2020;1145655;Auxílio Emergencial
RJ;LAJE DO MURIAÉ;09/2020;1203209;Auxílio Emergencial
RJ;COMENDADOR LEVY GASPARIAN;09/2020;1314776;Auxílio Emergencial
RJ;SÃO SEBASTIÃO DO ALTO;09/2020;1365782;Auxílio Emergencial
RJ;MACUCO;09/2020;1373951;Auxílio Emergencial
RJ;RIO DAS FLORES;09/2020;1392129;Auxílio Emergencial
RJ;SANTA MARIA MADALENA;09/2020;1412813;Auxílio Emergencial
RJ;TRAJANO DE MORAIS;09/2020;1549842;Auxílio Emergencial
RJ;VARRE-SAI;09/2020;1766935;Auxílio Emergencial
RJ;APERIBÉ;09/2020;1856346;Auxílio Emergencial
RJ;ENGENHEIRO PAULO DE FRONTIN;09/2020;1893764;Auxílio Emergencial
RJ;ITALVA;09/2020;2071561;Auxílio Emergencial
RJ;QUATIS;09/2020;2110941;Auxílio Emergencial
RJ;CARDOSO MOREIRA;09/2020;2143774;Auxílio Emergencial
RJ;DUAS BARRAS;09/2020;2227075;Auxílio Emergencial
RJ;CARAPEBUS;09/2020;2278982;Auxílio Emergencial
RJ;NATIVIDADE;09/2020;2279409;Auxílio Emergencial
RJ;AREAL;09/2020;2298963;Auxílio Emergencial
RJ;CAMBUCI;09/2020;2363728;Auxílio Emergencial
RJ;CARMO;09/2020;2641173;Auxílio Emergencial
RJ;MENDES;09/2020;2657093;Auxílio Emergencial
RJ;RIO CLARO;09/2020;2894818;Auxílio Emergencial
RJ;PORCIÚNCULA;09/2020;2910653;Auxílio Emergencial
RJ;PORTO REAL;09/2020;3032775;Auxílio Emergencial
RJ;CANTAGALO;09/2020;3141041;Auxílio Emergencial
RJ;SUMIDOURO;09/2020;3250335;Auxílio Emergencial
RJ;PINHEIRAL;09/2020;3391792;Auxílio Emergencial
RJ;CORDEIRO;09/2020;3408624;Auxílio Emergencial
RJ;SAPUCAIA;09/2020;3496196;Auxílio Emergencial
RJ;SÃO JOSÉ DO VALE DO RIO PRETO;09/2020;3629782;Auxílio Emergencial
RJ;SILVA JARDIM;09/2020;3685387;Auxílio Emergencial
RJ;QUISSAMÃ;09/2020;3740500;Auxílio Emergencial
RJ;PIRAÍ;09/2020;3820854;Auxílio Emergencial
RJ;ITAOCARA;09/2020;3833283;Auxílio Emergencial
RJ;CONCEIÇÃO DE MACABU;09/2020;3907635;Auxílio Emergencial
RJ;MIRACEMA;09/2020;4210920;Auxílio Emergencial
RJ;MIGUEL PEREIRA;09/2020;4601154;Auxílio Emergencial
RJ;ITATIAIA;09/2020;4921713;Auxílio Emergencial
RJ;PATY DO ALFERES;09/2020;5175814;Auxílio Emergencial
RJ;BOM JARDIM;09/2020;5258097;Auxílio Emergencial
RJ;IGUABA GRANDE;09/2020;5370417;Auxílio Emergencial
RJ;SÃO FIDÉLIS;09/2020;5584689;Auxílio Emergencial
RJ;TANGUÁ;09/2020;5940016;Auxílio Emergencial
RJ;VASSOURAS;09/2020;6026534;Auxílio Emergencial
RJ;BOM JESUS DO ITABAPOANA;09/2020;6366485;Auxílio Emergencial
RJ;PARACAMBI;09/2020;6617395;Auxílio Emergencial
RJ;PARAÍBA DO SUL;09/2020;7073592;Auxílio Emergencial
RJ;SANTO ANTÔNIO DE PÁDUA;09/2020;7223295;Auxílio Emergencial
RJ;CASIMIRO DE ABREU;09/2020;7735571;Auxílio Emergencial
RJ;MANGARATIBA;09/2020;7821941;Auxílio Emergencial
RJ;ARRAIAL DO CABO;09/2020;8010997;Auxílio Emergencial
RJ;SÃO JOÃO DA BARRA;09/2020;8151076;Auxílio Emergencial
RJ;SÃO FRANCISCO DE ITABAPOANA;09/2020;9294286;Auxílio Emergencial
RJ;PARATY;09/2020;9296743;Auxílio Emergencial
RJ;RIO BONITO;09/2020;9361749;Auxílio Emergencial
RJ;GUAPIMIRIM;09/2020;9595342;Auxílio Emergencial
RJ;VALENÇA;09/2020;10825271;Auxílio Emergencial
RJ;CACHOEIRAS DE MACACU;09/2020;11435361;Auxílio Emergencial
RJ;ARMAÇÃO DOS BÚZIOS;09/2020;11605435;Auxílio Emergencial
RJ;TRÊS RIOS;09/2020;12872002;Auxílio Emergencial
RJ;BARRA DO PIRAÍ;09/2020;14162451;Auxílio Emergencial
RJ;SEROPÉDICA;09/2020;15566748;Auxílio Emergencial
RJ;ITAPERUNA;09/2020;17254419;Auxílio Emergencial
RJ;JAPERI;09/2020;18052830;Auxílio Emergencial
RJ;SAQUAREMA;09/2020;18648513;Auxílio Emergencial
RJ;SÃO PEDRO DA ALDEIA;09/2020;18939229;Auxílio Emergencial
RJ;RESENDE;09/2020;19998166;Auxílio Emergencial
RJ;ITAGUAÍ;09/2020;25343546;Auxílio Emergencial
RJ;ARARUAMA;09/2020;26845180;Auxílio Emergencial
RJ;NILÓPOLIS;09/2020;27035080;Auxílio Emergencial
RJ;BARRA MANSA;09/2020;27298107;Auxílio Emergencial
RJ;QUEIMADOS;09/2020;29482485;Auxílio Emergencial
RJ;RIO DAS OSTRAS;09/2020;29918875;Auxílio Emergencial
RJ;TERESÓPOLIS;09/2020;31048603;Auxílio Emergencial
RJ;ANGRA DOS REIS;09/2020;31293640;Auxílio Emergencial
RJ;MESQUITA;09/2020;32324722;Auxílio Emergencial
RJ;MARICÁ;09/2020;32795242;Auxílio Emergencial
RJ;NOVA FRIBURGO;09/2020;33885005;Auxílio Emergencial
RJ;VOLTA REDONDA;09/2020;39146654;Auxílio Emergencial
RJ;MACAÉ;09/2020;43999607;Auxílio Emergencial
RJ;ITABORAÍ;09/2020;44573966;Auxílio Emergencial
RJ;CABO FRIO;09/2020;46856931;Auxílio Emergencial
RJ;MAGÉ;09/2020;49083806;Auxílio Emergencial
RJ;PETRÓPOLIS;09/2020;51718775;Auxílio Emergencial
RJ;NITERÓI;09/2020;74842639;Auxílio Emergencial
RJ;CAMPOS DOS GOYTACAZES;09/2020;85925429;Auxílio Emergencial
RJ;SÃO JOÃO DE MERITI;09/2020;89395328;Auxílio Emergencial
RJ;BELFORD ROXO;09/2020;92040123;Auxílio Emergencial
RJ;NOVA IGUAÇU;09/2020;164197939;Auxílio Emergencial
RJ;SÃO GONÇALO;09/2020;169506073;Auxílio Emergencial
RJ;DUQUE DE CAXIAS;09/2020;181627143;Auxílio Emergencial
RJ;RIO DE JANEIRO;09/2020;1149490204;Auxílio Emergencial
RJ;SÃO JOSÉ DE UBÁ;10/2020;781141;Auxílio Emergencial
RJ;LAJE DO MURIAÉ;10/2020;783741;Auxílio Emergencial
RJ;MACUCO;10/2020;849006;Auxílio Emergencial
RJ;COMENDADOR LEVY GASPARIAN;10/2020;862543;Auxílio Emergencial
RJ;SÃO SEBASTIÃO DO ALTO;10/2020;900660;Auxílio Emergencial
RJ;RIO DAS FLORES;10/2020;924324;Auxílio Emergencial
RJ;SANTA MARIA MADALENA;10/2020;930424;Auxílio Emergencial
RJ;TRAJANO DE MORAIS;10/2020;1056732;Auxílio Emergencial
RJ;VARRE-SAI;10/2020;1193119;Auxílio Emergencial
RJ;APERIBÉ;10/2020;1239594;Auxílio Emergencial
RJ;ENGENHEIRO PAULO DE FRONTIN;10/2020;1266585;Auxílio Emergencial
RJ;CARAPEBUS;10/2020;1337634;Auxílio Emergencial
RJ;ITALVA;10/2020;1382799;Auxílio Emergencial
RJ;QUATIS;10/2020;1415460;Auxílio Emergencial
RJ;CARDOSO MOREIRA;10/2020;1465543;Auxílio Emergencial
RJ;DUAS BARRAS;10/2020;1472788;Auxílio Emergencial
RJ;AREAL;10/2020;1510776;Auxílio Emergencial
RJ;NATIVIDADE;10/2020;1521968;Auxílio Emergencial
RJ;CAMBUCI;10/2020;1579456;Auxílio Emergencial
RJ;CARMO;10/2020;1703907;Auxílio Emergencial
RJ;MENDES;10/2020;1761517;Auxílio Emergencial
RJ;PORCIÚNCULA;10/2020;1865900;Auxílio Emergencial
RJ;RIO CLARO;10/2020;1923898;Auxílio Emergencial
RJ;PORTO REAL;10/2020;1994447;Auxílio Emergencial
RJ;CANTAGALO;10/2020;2091357;Auxílio Emergencial
RJ;PINHEIRAL;10/2020;2252843;Auxílio Emergencial
RJ;CORDEIRO;10/2020;2253157;Auxílio Emergencial
RJ;SAPUCAIA;10/2020;2284775;Auxílio Emergencial
RJ;SUMIDOURO;10/2020;2299005;Auxílio Emergencial
RJ;QUISSAMÃ;10/2020;2367538;Auxílio Emergencial
RJ;SÃO JOSÉ DO VALE DO RIO PRETO;10/2020;2445090;Auxílio Emergencial
RJ;SILVA JARDIM;10/2020;2465789;Auxílio Emergencial
RJ;ITAOCARA;10/2020;2522323;Auxílio Emergencial
RJ;CONCEIÇÃO DE MACABU;10/2020;2564261;Auxílio Emergencial
RJ;PIRAÍ;10/2020;2593829;Auxílio Emergencial
RJ;MIRACEMA;10/2020;2713763;Auxílio Emergencial
RJ;MIGUEL PEREIRA;10/2020;2989961;Auxílio Emergencial
RJ;ITATIAIA;10/2020;3264816;Auxílio Emergencial
RJ;BOM JARDIM;10/2020;3482781;Auxílio Emergencial
RJ;PATY DO ALFERES;10/2020;3506765;Auxílio Emergencial
RJ;IGUABA GRANDE;10/2020;3520346;Auxílio Emergencial
RJ;SÃO FIDÉLIS;10/2020;3759459;Auxílio Emergencial
RJ;VASSOURAS;10/2020;3938457;Auxílio Emergencial
RJ;TANGUÁ;10/2020;4043747;Auxílio Emergencial
RJ;BOM JESUS DO ITABAPOANA;10/2020;4125241;Auxílio Emergencial
RJ;PARACAMBI;10/2020;4413751;Auxílio Emergencial
RJ;PARAÍBA DO SUL;10/2020;4668476;Auxílio Emergencial
RJ;SANTO ANTÔNIO DE PÁDUA;10/2020;4737621;Auxílio Emergencial
RJ;ARRAIAL DO CABO;10/2020;4869281;Auxílio Emergencial
RJ;MANGARATIBA;10/2020;5128413;Auxílio Emergencial
RJ;SÃO JOÃO DA BARRA;10/2020;5294903;Auxílio Emergencial
RJ;CASIMIRO DE ABREU;10/2020;5307881;Auxílio Emergencial
RJ;PARATY;10/2020;6109391;Auxílio Emergencial
RJ;RIO BONITO;10/2020;6240586;Auxílio Emergencial
RJ;GUAPIMIRIM;10/2020;6271599;Auxílio Emergencial
RJ;SÃO FRANCISCO DE ITABAPOANA;10/2020;6357352;Auxílio Emergencial
RJ;VALENÇA;10/2020;7225614;Auxílio Emergencial
RJ;CACHOEIRAS DE MACACU;10/2020;7535303;Auxílio Emergencial
RJ;ARMAÇÃO DOS BÚZIOS;10/2020;7692397;Auxílio Emergencial
RJ;TRÊS RIOS;10/2020;8289642;Auxílio Emergencial
RJ;BARRA DO PIRAÍ;10/2020;9253727;Auxílio Emergencial
RJ;SEROPÉDICA;10/2020;10050721;Auxílio Emergencial
RJ;ITAPERUNA;10/2020;11248610;Auxílio Emergencial
RJ;JAPERI;10/2020;12248044;Auxílio Emergencial
RJ;SAQUAREMA;10/2020;12270242;Auxílio Emergencial
RJ;SÃO PEDRO DA ALDEIA;10/2020;12750250;Auxílio Emergencial
RJ;RESENDE;10/2020;13090371;Auxílio Emergencial
RJ;ITAGUAÍ;10/2020;17181277;Auxílio Emergencial
RJ;ARARUAMA;10/2020;17692590;Auxílio Emergencial
RJ;NILÓPOLIS;10/2020;18219558;Auxílio Emergencial
RJ;BARRA MANSA;10/2020;18359379;Auxílio Emergencial
RJ;RIO DAS OSTRAS;10/2020;19676200;Auxílio Emergencial
RJ;QUEIMADOS;10/2020;19802403;Auxílio Emergencial
RJ;MARICÁ;10/2020;20233494;Auxílio Emergencial
RJ;TERESÓPOLIS;10/2020;20343890;Auxílio Emergencial
RJ;ANGRA DOS REIS;10/2020;20529207;Auxílio Emergencial
RJ;MESQUITA;10/2020;21782473;Auxílio Emergencial
RJ;NOVA FRIBURGO;10/2020;22181274;Auxílio Emergencial
RJ;VOLTA REDONDA;10/2020;25942863;Auxílio Emergencial
RJ;MACAÉ;10/2020;28811614;Auxílio Emergencial
RJ;ITABORAÍ;10/2020;29670977;Auxílio Emergencial
RJ;CABO FRIO;10/2020;31551764;Auxílio Emergencial
RJ;MAGÉ;10/2020;32583969;Auxílio Emergencial
RJ;PETRÓPOLIS;10/2020;34500030;Auxílio Emergencial
RJ;NITERÓI;10/2020;49324257;Auxílio Emergencial
RJ;CAMPOS DOS GOYTACAZES;10/2020;58028032;Auxílio Emergencial
RJ;SÃO JOÃO DE MERITI;10/2020;59942080;Auxílio Emergencial
RJ;BELFORD ROXO;10/2020;61913269;Auxílio Emergencial
RJ;NOVA IGUAÇU;10/2020;110564807;Auxílio Emergencial
RJ;SÃO GONÇALO;10/2020;113496572;Auxílio Emergencial
RJ;DUQUE DE CAXIAS;10/2020;121822162;Auxílio Emergencial
RJ;RIO DE JANEIRO;10/2020;760531244;Auxílio Emergencial
RJ;SÃO JOSÉ DE UBÁ;11/2020;957747;Auxílio Emergencial
RJ;LAJE DO MURIAÉ;11/2020;1003560;Auxílio Emergencial
RJ;COMENDADOR LEVY GASPARIAN;11/2020;1120382;Auxílio Emergencial
RJ;MACUCO;11/2020;1140944;Auxílio Emergencial
RJ;SÃO SEBASTIÃO DO ALTO;11/2020;1150988;Auxílio Emergencial
RJ;RIO DAS FLORES;11/2020;1170549;Auxílio Emergencial
RJ;SANTA MARIA MADALENA;11/2020;1190931;Auxílio Emergencial
RJ;TRAJANO DE MORAIS;11/2020;1368090;Auxílio Emergencial
RJ;VARRE-SAI;11/2020;1541968;Auxílio Emergencial
RJ;APERIBÉ;11/2020;1599015;Auxílio Emergencial
RJ;ENGENHEIRO PAULO DE FRONTIN;11/2020;1617697;Auxílio Emergencial
RJ;CARAPEBUS;11/2020;1761970;Auxílio Emergencial
RJ;ITALVA;11/2020;1763076;Auxílio Emergencial
RJ;QUATIS;11/2020;1804797;Auxílio Emergencial
RJ;CARDOSO MOREIRA;11/2020;1838284;Auxílio Emergencial
RJ;DUAS BARRAS;11/2020;1926557;Auxílio Emergencial
RJ;AREAL;11/2020;1929670;Auxílio Emergencial
RJ;NATIVIDADE;11/2020;1951105;Auxílio Emergencial
RJ;CAMBUCI;11/2020;1990805;Auxílio Emergencial
RJ;CARMO;11/2020;2221767;Auxílio Emergencial
RJ;MENDES;11/2020;2289264;Auxílio Emergencial
RJ;RIO CLARO;11/2020;2430873;Auxílio Emergencial
RJ;PORCIÚNCULA;11/2020;2507402;Auxílio Emergencial
RJ;PORTO REAL;11/2020;2594145;Auxílio Emergencial
RJ;CANTAGALO;11/2020;2691605;Auxílio Emergencial
RJ;SUMIDOURO;11/2020;2883545;Auxílio Emergencial
RJ;PINHEIRAL;11/2020;2895733;Auxílio Emergencial
RJ;CORDEIRO;11/2020;2904734;Auxílio Emergencial
RJ;SAPUCAIA;11/2020;2976153;Auxílio Emergencial
RJ;QUISSAMÃ;11/2020;3090786;Auxílio Emergencial
RJ;SÃO JOSÉ DO VALE DO RIO PRETO;11/2020;3138256;Auxílio Emergencial
RJ;SILVA JARDIM;11/2020;3147566;Auxílio Emergencial
RJ;ITAOCARA;11/2020;3260160;Auxílio Emergencial
RJ;PIRAÍ;11/2020;3302786;Auxílio Emergencial
RJ;CONCEIÇÃO DE MACABU;11/2020;3355043;Auxílio Emergencial
RJ;MIRACEMA;11/2020;3507565;Auxílio Emergencial
RJ;MIGUEL PEREIRA;11/2020;3905405;Auxílio Emergencial
RJ;ITATIAIA;11/2020;4220367;Auxílio Emergencial
RJ;PATY DO ALFERES;11/2020;4434724;Auxílio Emergencial
RJ;IGUABA GRANDE;11/2020;4550494;Auxílio Emergencial
RJ;BOM JARDIM;11/2020;4577297;Auxílio Emergencial
RJ;SÃO FIDÉLIS;11/2020;4819608;Auxílio Emergencial
RJ;TANGUÁ;11/2020;5075872;Auxílio Emergencial
RJ;VASSOURAS;11/2020;5130396;Auxílio Emergencial
RJ;BOM JESUS DO ITABAPOANA;11/2020;5390352;Auxílio Emergencial
RJ;PARACAMBI;11/2020;5610639;Auxílio Emergencial
RJ;PARAÍBA DO SUL;11/2020;6040015;Auxílio Emergencial
RJ;SANTO ANTÔNIO DE PÁDUA;11/2020;6171934;Auxílio Emergencial
RJ;ARRAIAL DO CABO;11/2020;6344095;Auxílio Emergencial
RJ;MANGARATIBA;11/2020;6640349;Auxílio Emergencial
RJ;CASIMIRO DE ABREU;11/2020;6807457;Auxílio Emergencial
RJ;SÃO JOÃO DA BARRA;11/2020;6951382;Auxílio Emergencial
RJ;RIO BONITO;11/2020;7963335;Auxílio Emergencial
RJ;SÃO FRANCISCO DE ITABAPOANA;11/2020;8055630;Auxílio Emergencial
RJ;PARATY;11/2020;8058913;Auxílio Emergencial
RJ;GUAPIMIRIM;11/2020;8103117;Auxílio Emergencial
RJ;VALENÇA;11/2020;9328538;Auxílio Emergencial
RJ;CACHOEIRAS DE MACACU;11/2020;9725042;Auxílio Emergencial
RJ;ARMAÇÃO DOS BÚZIOS;11/2020;10197467;Auxílio Emergencial
RJ;TRÊS RIOS;11/2020;10834624;Auxílio Emergencial
RJ;BARRA DO PIRAÍ;11/2020;11798362;Auxílio Emergencial
RJ;SEROPÉDICA;11/2020;13003529;Auxílio Emergencial
RJ;ITAPERUNA;11/2020;14646738;Auxílio Emergencial
RJ;JAPERI;11/2020;15481280;Auxílio Emergencial
RJ;SAQUAREMA;11/2020;15856843;Auxílio Emergencial
RJ;SÃO PEDRO DA ALDEIA;11/2020;16456349;Auxílio Emergencial
RJ;RESENDE;11/2020;17205020;Auxílio Emergencial
RJ;ITAGUAÍ;11/2020;21381573;Auxílio Emergencial
RJ;ARARUAMA;11/2020;22758551;Auxílio Emergencial
RJ;NILÓPOLIS;11/2020;23120405;Auxílio Emergencial
RJ;BARRA MANSA;11/2020;23592838;Auxílio Emergencial
RJ;QUEIMADOS;11/2020;25179641;Auxílio Emergencial
RJ;RIO DAS OSTRAS;11/2020;25791670;Auxílio Emergencial
RJ;TERESÓPOLIS;11/2020;26515885;Auxílio Emergencial
RJ;ANGRA DOS REIS;11/2020;26547399;Auxílio Emergencial
RJ;MARICÁ;11/2020;27130661;Auxílio Emergencial
RJ;MESQUITA;11/2020;27845610;Auxílio Emergencial
RJ;NOVA FRIBURGO;11/2020;29004782;Auxílio Emergencial
RJ;VOLTA REDONDA;11/2020;33792198;Auxílio Emergencial
RJ;MACAÉ;11/2020;37580588;Auxílio Emergencial
RJ;ITABORAÍ;11/2020;38042343;Auxílio Emergencial
RJ;CABO FRIO;11/2020;40927699;Auxílio Emergencial
RJ;MAGÉ;11/2020;41601176;Auxílio Emergencial
RJ;PETRÓPOLIS;11/2020;44657311;Auxílio Emergencial
RJ;NITERÓI;11/2020;63830641;Auxílio Emergencial
RJ;CAMPOS DOS GOYTACAZES;11/2020;73671619;Auxílio Emergencial
RJ;SÃO JOÃO DE MERITI;11/2020;76930001;Auxílio Emergencial
RJ;BELFORD ROXO;11/2020;78863538;Auxílio Emergencial
RJ;NOVA IGUAÇU;11/2020;140467884;Auxílio Emergencial
RJ;SÃO GONÇALO;11/2020;144675150;Auxílio Emergencial
RJ;DUQUE DE CAXIAS;11/2020;155398574;Auxílio Emergencial
RJ;RIO DE JANEIRO;11/2020;983761199;Auxílio Emergencial
RJ;SÃO JOSÉ DE UBÁ;12/2020;916358;Auxílio Emergencial
RJ;LAJE DO MURIAÉ;12/2020;922099;Auxílio Emergencial
RJ;COMENDADOR LEVY GASPARIAN;12/2020;1040044;Auxílio Emergencial
RJ;RIO DAS FLORES;12/2020;1047965;Auxílio Emergencial
RJ;MACUCO;12/2020;1057823;Auxílio Emergencial
RJ;SANTA MARIA MADALENA;12/2020;1081173;Auxílio Emergencial
RJ;SÃO SEBASTIÃO DO ALTO;12/2020;1084678;Auxílio Emergencial
RJ;TRAJANO DE MORAIS;12/2020;1228529;Auxílio Emergencial
RJ;VARRE-SAI;12/2020;1421208;Auxílio Emergencial
RJ;ENGENHEIRO PAULO DE FRONTIN;12/2020;1460470;Auxílio Emergencial
RJ;APERIBÉ;12/2020;1469543;Auxílio Emergencial
RJ;CARAPEBUS;12/2020;1567360;Auxílio Emergencial
RJ;ITALVA;12/2020;1587612;Auxílio Emergencial
RJ;QUATIS;12/2020;1642165;Auxílio Emergencial
RJ;CARDOSO MOREIRA;12/2020;1694013;Auxílio Emergencial
RJ;DUAS BARRAS;12/2020;1738508;Auxílio Emergencial
RJ;AREAL;12/2020;1792654;Auxílio Emergencial
RJ;CAMBUCI;12/2020;1858441;Auxílio Emergencial
RJ;NATIVIDADE;12/2020;1867674;Auxílio Emergencial
RJ;CARMO;12/2020;2063934;Auxílio Emergencial
RJ;MENDES;12/2020;2104128;Auxílio Emergencial
RJ;RIO CLARO;12/2020;2141391;Auxílio Emergencial
RJ;PORCIÚNCULA;12/2020;2253795;Auxílio Emergencial
RJ;PORTO REAL;12/2020;2291620;Auxílio Emergencial
RJ;CANTAGALO;12/2020;2434960;Auxílio Emergencial
RJ;SUMIDOURO;12/2020;2602077;Auxílio Emergencial
RJ;PINHEIRAL;12/2020;2602709;Auxílio Emergencial
RJ;CORDEIRO;12/2020;2629945;Auxílio Emergencial
RJ;SAPUCAIA;12/2020;2709710;Auxílio Emergencial
RJ;SÃO JOSÉ DO VALE DO RIO PRETO;12/2020;2827968;Auxílio Emergencial
RJ;SILVA JARDIM;12/2020;2833408;Auxílio Emergencial
RJ;QUISSAMÃ;12/2020;2863688;Auxílio Emergencial
RJ;ITAOCARA;12/2020;2966213;Auxílio Emergencial
RJ;PIRAÍ;12/2020;2973861;Auxílio Emergencial
RJ;CONCEIÇÃO DE MACABU;12/2020;3057617;Auxílio Emergencial
RJ;MIRACEMA;12/2020;3294798;Auxílio Emergencial
RJ;MIGUEL PEREIRA;12/2020;3548182;Auxílio Emergencial
RJ;ITATIAIA;12/2020;3814129;Auxílio Emergencial
RJ;PATY DO ALFERES;12/2020;4050215;Auxílio Emergencial
RJ;IGUABA GRANDE;12/2020;4090412;Auxílio Emergencial
RJ;BOM JARDIM;12/2020;4111392;Auxílio Emergencial
RJ;SÃO FIDÉLIS;12/2020;4371766;Auxílio Emergencial
RJ;VASSOURAS;12/2020;4602105;Auxílio Emergencial
RJ;TANGUÁ;12/2020;4618379;Auxílio Emergencial
RJ;BOM JESUS DO ITABAPOANA;12/2020;4937290;Auxílio Emergencial
RJ;PARACAMBI;12/2020;5114614;Auxílio Emergencial
RJ;PARAÍBA DO SUL;12/2020;5390319;Auxílio Emergencial
RJ;SANTO ANTÔNIO DE PÁDUA;12/2020;5581810;Auxílio Emergencial
RJ;ARRAIAL DO CABO;12/2020;5693218;Auxílio Emergencial
RJ;MANGARATIBA;12/2020;5822550;Auxílio Emergencial
RJ;CASIMIRO DE ABREU;12/2020;6121152;Auxílio Emergencial
RJ;SÃO JOÃO DA BARRA;12/2020;6430481;Auxílio Emergencial
RJ;PARATY;12/2020;7272405;Auxílio Emergencial
RJ;GUAPIMIRIM;12/2020;7360415;Auxílio Emergencial
RJ;SÃO FRANCISCO DE ITABAPOANA;12/2020;7394773;Auxílio Emergencial
RJ;RIO BONITO;12/2020;7456326;Auxílio Emergencial
RJ;VALENÇA;12/2020;8419855;Auxílio Emergencial
RJ;CACHOEIRAS DE MACACU;12/2020;8770220;Auxílio Emergencial
RJ;ARMAÇÃO DOS BÚZIOS;12/2020;9123753;Auxílio Emergencial
RJ;TRÊS RIOS;12/2020;9892655;Auxílio Emergencial
RJ;BARRA DO PIRAÍ;12/2020;10543657;Auxílio Emergencial
RJ;SEROPÉDICA;12/2020;11849906;Auxílio Emergencial
RJ;ITAPERUNA;12/2020;13269583;Auxílio Emergencial
RJ;JAPERI;12/2020;13949335;Auxílio Emergencial
RJ;SAQUAREMA;12/2020;14092127;Auxílio Emergencial
RJ;SÃO PEDRO DA ALDEIA;12/2020;14931693;Auxílio Emergencial
RJ;RESENDE;12/2020;15257566;Auxílio Emergencial
RJ;ITAGUAÍ;12/2020;18972377;Auxílio Emergencial
RJ;NILÓPOLIS;12/2020;20432685;Auxílio Emergencial
RJ;ARARUAMA;12/2020;20546518;Auxílio Emergencial
RJ;BARRA MANSA;12/2020;20623509;Auxílio Emergencial
RJ;QUEIMADOS;12/2020;22470668;Auxílio Emergencial
RJ;RIO DAS OSTRAS;12/2020;23521977;Auxílio Emergencial
RJ;ANGRA DOS REIS;12/2020;23819444;Auxílio Emergencial
RJ;TERESÓPOLIS;12/2020;24077724;Auxílio Emergencial
RJ;MARICÁ;12/2020;24449885;Auxílio Emergencial
RJ;MESQUITA;12/2020;24576514;Auxílio Emergencial
RJ;NOVA FRIBURGO;12/2020;25959574;Auxílio Emergencial
RJ;VOLTA REDONDA;12/2020;29627858;Auxílio Emergencial
RJ;MACAÉ;12/2020;33915846;Auxílio Emergencial
RJ;ITABORAÍ;12/2020;34189819;Auxílio Emergencial
RJ;CABO FRIO;12/2020;37159156;Auxílio Emergencial
RJ;MAGÉ;12/2020;37576829;Auxílio Emergencial
RJ;PETRÓPOLIS;12/2020;39860007;Auxílio Emergencial
RJ;NITERÓI;12/2020;56364040;Auxílio Emergencial
RJ;CAMPOS DOS GOYTACAZES;12/2020;66891234;Auxílio Emergencial
RJ;SÃO JOÃO DE MERITI;12/2020;67372479;Auxílio Emergencial
RJ;BELFORD ROXO;12/2020;71401360;Auxílio Emergencial
RJ;NOVA IGUAÇU;12/2020;125922749;Auxílio Emergencial
RJ;SÃO GONÇALO;12/2020;129131990;Auxílio Emergencial
RJ;DUQUE DE CAXIAS;12/2020;137857183;Auxílio Emergencial
RJ;RIO DE JANEIRO;12/2020;868221769;Auxílio Emergencial
