UF;Município;Mês/Ano;Valor Transferido;Programa Social
RJ;MACUCO;04/2020;66619;Bolsa Família
RJ;SÃO JOSÉ DE UBÁ;04/2020;93783;Bolsa Família
RJ;SANTA MARIA MADALENA;04/2020;105709;Bolsa Família
RJ;DUAS BARRAS;04/2020;111531;Bolsa Família
RJ;SÃO SEBASTIÃO DO ALTO;04/2020;113292;Bolsa Família
RJ;RIO DAS FLORES;04/2020;122130;Bolsa Família
RJ;APERIBÉ;04/2020;124183;Bolsa Família
RJ;COMENDADOR LEVY GASPARIAN;04/2020;126696;Bolsa Família
RJ;LAJE DO MURIAÉ;04/2020;140212;Bolsa Família
RJ;TRAJANO DE MORAIS;04/2020;144128;Bolsa Família
RJ;QUATIS;04/2020;163319;Bolsa Família
RJ;VARRE-SAI;04/2020;167332;Bolsa Família
RJ;CARDOSO MOREIRA;04/2020;167382;Bolsa Família
RJ;AREAL;04/2020;168769;Bolsa Família
RJ;CORDEIRO;04/2020;170697;Bolsa Família
RJ;ITALVA;04/2020;192399;Bolsa Família
RJ;BOM JARDIM;04/2020;192743;Bolsa Família
RJ;RIO CLARO;04/2020;194002;Bolsa Família
RJ;SAPUCAIA;04/2020;195254;Bolsa Família
RJ;ITAOCARA;04/2020;199212;Bolsa Família
RJ;NATIVIDADE;04/2020;201437;Bolsa Família
RJ;CANTAGALO;04/2020;204921;Bolsa Família
RJ;MENDES;04/2020;214716;Bolsa Família
RJ;ARRAIAL DO CABO;04/2020;215461;Bolsa Família
RJ;ENGENHEIRO PAULO DE FRONTIN;04/2020;215681;Bolsa Família
RJ;SÃO JOSÉ DO VALE DO RIO PRETO;04/2020;216881;Bolsa Família
RJ;PORCIÚNCULA;04/2020;223284;Bolsa Família
RJ;CARAPEBUS;04/2020;227493;Bolsa Família
RJ;SANTO ANTÔNIO DE PÁDUA;04/2020;246232;Bolsa Família
RJ;SUMIDOURO;04/2020;246962;Bolsa Família
RJ;CAMBUCI;04/2020;267274;Bolsa Família
RJ;VASSOURAS;04/2020;294968;Bolsa Família
RJ;CARMO;04/2020;298455;Bolsa Família
RJ;PORTO REAL;04/2020;298533;Bolsa Família
RJ;ARMAÇÃO DOS BÚZIOS;04/2020;300242;Bolsa Família
RJ;IGUABA GRANDE;04/2020;312169;Bolsa Família
RJ;BOM JESUS DO ITABAPOANA;04/2020;323500;Bolsa Família
RJ;PARAÍBA DO SUL;04/2020;328110;Bolsa Família
RJ;CONCEIÇÃO DE MACABU;04/2020;341077;Bolsa Família
RJ;MIGUEL PEREIRA;04/2020;350284;Bolsa Família
RJ;PATY DO ALFERES;04/2020;350833;Bolsa Família
RJ;QUISSAMÃ;04/2020;371088;Bolsa Família
RJ;PARATY;04/2020;388377;Bolsa Família
RJ;PINHEIRAL;04/2020;398536;Bolsa Família
RJ;SILVA JARDIM;04/2020;409189;Bolsa Família
RJ;MANGARATIBA;04/2020;419196;Bolsa Família
RJ;ITATIAIA;04/2020;420814;Bolsa Família
RJ;CASIMIRO DE ABREU;04/2020;425958;Bolsa Família
RJ;PIRAÍ;04/2020;440284;Bolsa Família
RJ;MIRACEMA;04/2020;514918;Bolsa Família
RJ;ITAPERUNA;04/2020;590765;Bolsa Família
RJ;SAQUAREMA;04/2020;596381;Bolsa Família
RJ;SÃO FIDÉLIS;04/2020;620306;Bolsa Família
RJ;TANGUÁ;04/2020;689635;Bolsa Família
RJ;SÃO JOÃO DA BARRA;04/2020;705028;Bolsa Família
RJ;RESENDE;04/2020;755074;Bolsa Família
RJ;SÃO FRANCISCO DE ITABAPOANA;04/2020;904818;Bolsa Família
RJ;CACHOEIRAS DE MACACU;04/2020;917463;Bolsa Família
RJ;PARACAMBI;04/2020;919362;Bolsa Família
RJ;BARRA DO PIRAÍ;04/2020;1027010;Bolsa Família
RJ;NOVA FRIBURGO;04/2020;1039938;Bolsa Família
RJ;VALENÇA;04/2020;1055109;Bolsa Família
RJ;RIO BONITO;04/2020;1055490;Bolsa Família
RJ;GUAPIMIRIM;04/2020;1142978;Bolsa Família
RJ;SÃO PEDRO DA ALDEIA;04/2020;1152958;Bolsa Família
RJ;TRÊS RIOS;04/2020;1183537;Bolsa Família
RJ;RIO DAS OSTRAS;04/2020;1236329;Bolsa Família
RJ;MARICÁ;04/2020;1246232;Bolsa Família
RJ;TERESÓPOLIS;04/2020;1247992;Bolsa Família
RJ;NILÓPOLIS;04/2020;1407512;Bolsa Família
RJ;ITAGUAÍ;04/2020;1435330;Bolsa Família
RJ;BARRA MANSA;04/2020;1506235;Bolsa Família
RJ;SEROPÉDICA;04/2020;1602687;Bolsa Família
RJ;ARARUAMA;04/2020;2059159;Bolsa Família
RJ;CABO FRIO;04/2020;2080873;Bolsa Família
RJ;ANGRA DOS REIS;04/2020;2215413;Bolsa Família
RJ;MACAÉ;04/2020;2275314;Bolsa Família
RJ;PETRÓPOLIS;04/2020;2402009;Bolsa Família
RJ;JAPERI;04/2020;2430806;Bolsa Família
RJ;QUEIMADOS;04/2020;2557449;Bolsa Família
RJ;MESQUITA;04/2020;2601651;Bolsa Família
RJ;VOLTA REDONDA;04/2020;2602113;Bolsa Família
RJ;SÃO JOÃO DE MERITI;04/2020;3438083;Bolsa Família
RJ;NITERÓI;04/2020;3548070;Bolsa Família
RJ;MAGÉ;04/2020;3766436;Bolsa Família
RJ;ITABORAÍ;04/2020;3920916;Bolsa Família
RJ;BELFORD ROXO;04/2020;9098128;Bolsa Família
RJ;DUQUE DE CAXIAS;04/2020;9349378;Bolsa Família
RJ;CAMPOS DOS GOYTACAZES;04/2020;9456562;Bolsa Família
RJ;SÃO GONÇALO;04/2020;10786432;Bolsa Família
RJ;NOVA IGUAÇU;04/2020;15728841;Bolsa Família
RJ;RIO DE JANEIRO;04/2020;46914922;Bolsa Família
RJ;MACUCO;05/2020;67018;Bolsa Família
RJ;SÃO JOSÉ DE UBÁ;05/2020;93801;Bolsa Família
RJ;SANTA MARIA MADALENA;05/2020;104650;Bolsa Família
RJ;DUAS BARRAS;05/2020;110878;Bolsa Família
RJ;SÃO SEBASTIÃO DO ALTO;05/2020;113082;Bolsa Família
RJ;RIO DAS FLORES;05/2020;122977;Bolsa Família
RJ;APERIBÉ;05/2020;124078;Bolsa Família
RJ;COMENDADOR LEVY GASPARIAN;05/2020;126145;Bolsa Família
RJ;LAJE DO MURIAÉ;05/2020;140566;Bolsa Família
RJ;TRAJANO DE MORAIS;05/2020;143574;Bolsa Família
RJ;QUATIS;05/2020;164610;Bolsa Família
RJ;CARDOSO MOREIRA;05/2020;167594;Bolsa Família
RJ;VARRE-SAI;05/2020;167604;Bolsa Família
RJ;AREAL;05/2020;168369;Bolsa Família
RJ;CORDEIRO;05/2020;170762;Bolsa Família
RJ;ITALVA;05/2020;192108;Bolsa Família
RJ;BOM JARDIM;05/2020;192832;Bolsa Família
RJ;RIO CLARO;05/2020;194496;Bolsa Família
RJ;SAPUCAIA;05/2020;195738;Bolsa Família
RJ;ITAOCARA;05/2020;198997;Bolsa Família
RJ;NATIVIDADE;05/2020;202096;Bolsa Família
RJ;CANTAGALO;05/2020;205181;Bolsa Família
RJ;ARRAIAL DO CABO;05/2020;212498;Bolsa Família
RJ;MENDES;05/2020;215226;Bolsa Família
RJ;ENGENHEIRO PAULO DE FRONTIN;05/2020;215273;Bolsa Família
RJ;SÃO JOSÉ DO VALE DO RIO PRETO;05/2020;217579;Bolsa Família
RJ;PORCIÚNCULA;05/2020;223225;Bolsa Família
RJ;CARAPEBUS;05/2020;228099;Bolsa Família
RJ;SANTO ANTÔNIO DE PÁDUA;05/2020;246936;Bolsa Família
RJ;SUMIDOURO;05/2020;248137;Bolsa Família
RJ;CAMBUCI;05/2020;269153;Bolsa Família
RJ;VASSOURAS;05/2020;293537;Bolsa Família
RJ;PORTO REAL;05/2020;298624;Bolsa Família
RJ;CARMO;05/2020;299044;Bolsa Família
RJ;ARMAÇÃO DOS BÚZIOS;05/2020;300213;Bolsa Família
RJ;IGUABA GRANDE;05/2020;313836;Bolsa Família
RJ;BOM JESUS DO ITABAPOANA;05/2020;323361;Bolsa Família
RJ;PARAÍBA DO SUL;05/2020;327268;Bolsa Família
RJ;CONCEIÇÃO DE MACABU;05/2020;342120;Bolsa Família
RJ;PATY DO ALFERES;05/2020;350278;Bolsa Família
RJ;MIGUEL PEREIRA;05/2020;350729;Bolsa Família
RJ;QUISSAMÃ;05/2020;370920;Bolsa Família
RJ;PARATY;05/2020;388934;Bolsa Família
RJ;PINHEIRAL;05/2020;397313;Bolsa Família
RJ;SILVA JARDIM;05/2020;408689;Bolsa Família
RJ;MANGARATIBA;05/2020;419920;Bolsa Família
RJ;ITATIAIA;05/2020;420775;Bolsa Família
RJ;CASIMIRO DE ABREU;05/2020;428122;Bolsa Família
RJ;PIRAÍ;05/2020;440293;Bolsa Família
RJ;MIRACEMA;05/2020;512976;Bolsa Família
RJ;ITAPERUNA;05/2020;591506;Bolsa Família
RJ;SAQUAREMA;05/2020;595377;Bolsa Família
RJ;SÃO FIDÉLIS;05/2020;620128;Bolsa Família
RJ;TANGUÁ;05/2020;688289;Bolsa Família
RJ;SÃO JOÃO DA BARRA;05/2020;707526;Bolsa Família
RJ;RESENDE;05/2020;756535;Bolsa Família
RJ;SÃO FRANCISCO DE ITABAPOANA;05/2020;910777;Bolsa Família
RJ;CACHOEIRAS DE MACACU;05/2020;916100;Bolsa Família
RJ;PARACAMBI;05/2020;920272;Bolsa Família
RJ;BARRA DO PIRAÍ;05/2020;1025548;Bolsa Família
RJ;NOVA FRIBURGO;05/2020;1038950;Bolsa Família
RJ;VALENÇA;05/2020;1052700;Bolsa Família
RJ;RIO BONITO;05/2020;1061781;Bolsa Família
RJ;GUAPIMIRIM;05/2020;1149322;Bolsa Família
RJ;SÃO PEDRO DA ALDEIA;05/2020;1155728;Bolsa Família
RJ;TRÊS RIOS;05/2020;1178747;Bolsa Família
RJ;RIO DAS OSTRAS;05/2020;1237984;Bolsa Família
RJ;TERESÓPOLIS;05/2020;1247973;Bolsa Família
RJ;MARICÁ;05/2020;1249728;Bolsa Família
RJ;NILÓPOLIS;05/2020;1403329;Bolsa Família
RJ;ITAGUAÍ;05/2020;1437160;Bolsa Família
RJ;BARRA MANSA;05/2020;1509348;Bolsa Família
RJ;SEROPÉDICA;05/2020;1609100;Bolsa Família
RJ;ARARUAMA;05/2020;2062155;Bolsa Família
RJ;CABO FRIO;05/2020;2077910;Bolsa Família
RJ;ANGRA DOS REIS;05/2020;2197425;Bolsa Família
RJ;MACAÉ;05/2020;2256225;Bolsa Família
RJ;PETRÓPOLIS;05/2020;2401571;Bolsa Família
RJ;JAPERI;05/2020;2438766;Bolsa Família
RJ;QUEIMADOS;05/2020;2520528;Bolsa Família
RJ;MESQUITA;05/2020;2607363;Bolsa Família
RJ;VOLTA REDONDA;05/2020;2612278;Bolsa Família
RJ;SÃO JOÃO DE MERITI;05/2020;3434621;Bolsa Família
RJ;NITERÓI;05/2020;3522445;Bolsa Família
RJ;MAGÉ;05/2020;3715471;Bolsa Família
RJ;ITABORAÍ;05/2020;3923038;Bolsa Família
RJ;BELFORD ROXO;05/2020;9060131;Bolsa Família
RJ;DUQUE DE CAXIAS;05/2020;9360427;Bolsa Família
RJ;CAMPOS DOS GOYTACAZES;05/2020;9470676;Bolsa Família
RJ;SÃO GONÇALO;05/2020;10898716;Bolsa Família
RJ;NOVA IGUAÇU;05/2020;15687936;Bolsa Família
RJ;RIO DE JANEIRO;05/2020;46971744;Bolsa Família
RJ;MACUCO;06/2020;67072;Bolsa Família
RJ;SÃO JOSÉ DE UBÁ;06/2020;93720;Bolsa Família
RJ;SANTA MARIA MADALENA;06/2020;104527;Bolsa Família
RJ;DUAS BARRAS;06/2020;110406;Bolsa Família
RJ;SÃO SEBASTIÃO DO ALTO;06/2020;112967;Bolsa Família
RJ;RIO DAS FLORES;06/2020;122735;Bolsa Família
RJ;APERIBÉ;06/2020;124080;Bolsa Família
RJ;COMENDADOR LEVY GASPARIAN;06/2020;126461;Bolsa Família
RJ;LAJE DO MURIAÉ;06/2020;140579;Bolsa Família
RJ;TRAJANO DE MORAIS;06/2020;143377;Bolsa Família
RJ;QUATIS;06/2020;164176;Bolsa Família
RJ;VARRE-SAI;06/2020;166646;Bolsa Família
RJ;CARDOSO MOREIRA;06/2020;167224;Bolsa Família
RJ;AREAL;06/2020;167919;Bolsa Família
RJ;CORDEIRO;06/2020;170691;Bolsa Família
RJ;ITALVA;06/2020;192067;Bolsa Família
RJ;BOM JARDIM;06/2020;192666;Bolsa Família
RJ;RIO CLARO;06/2020;193635;Bolsa Família
RJ;SAPUCAIA;06/2020;195499;Bolsa Família
RJ;ITAOCARA;06/2020;198603;Bolsa Família
RJ;NATIVIDADE;06/2020;202054;Bolsa Família
RJ;CANTAGALO;06/2020;204902;Bolsa Família
RJ;ARRAIAL DO CABO;06/2020;211004;Bolsa Família
RJ;ENGENHEIRO PAULO DE FRONTIN;06/2020;215268;Bolsa Família
RJ;MENDES;06/2020;215314;Bolsa Família
RJ;SÃO JOSÉ DO VALE DO RIO PRETO;06/2020;217816;Bolsa Família
RJ;PORCIÚNCULA;06/2020;222935;Bolsa Família
RJ;CARAPEBUS;06/2020;227996;Bolsa Família
RJ;SUMIDOURO;06/2020;246909;Bolsa Família
RJ;SANTO ANTÔNIO DE PÁDUA;06/2020;246970;Bolsa Família
RJ;CAMBUCI;06/2020;267997;Bolsa Família
RJ;VASSOURAS;06/2020;293366;Bolsa Família
RJ;CARMO;06/2020;297899;Bolsa Família
RJ;ARMAÇÃO DOS BÚZIOS;06/2020;300071;Bolsa Família
RJ;PORTO REAL;06/2020;300450;Bolsa Família
RJ;IGUABA GRANDE;06/2020;312091;Bolsa Família
RJ;BOM JESUS DO ITABAPOANA;06/2020;322934;Bolsa Família
RJ;PARAÍBA DO SUL;06/2020;326013;Bolsa Família
RJ;CONCEIÇÃO DE MACABU;06/2020;341733;Bolsa Família
RJ;PATY DO ALFERES;06/2020;349836;Bolsa Família
RJ;MIGUEL PEREIRA;06/2020;349968;Bolsa Família
RJ;QUISSAMÃ;06/2020;370239;Bolsa Família
RJ;PARATY;06/2020;389398;Bolsa Família
RJ;PINHEIRAL;06/2020;397112;Bolsa Família
RJ;SILVA JARDIM;06/2020;408452;Bolsa Família
RJ;MANGARATIBA;06/2020;419501;Bolsa Família
RJ;ITATIAIA;06/2020;420558;Bolsa Família
RJ;CASIMIRO DE ABREU;06/2020;427734;Bolsa Família
RJ;PIRAÍ;06/2020;440135;Bolsa Família
RJ;MIRACEMA;06/2020;513541;Bolsa Família
RJ;ITAPERUNA;06/2020;591137;Bolsa Família
RJ;SAQUAREMA;06/2020;595121;Bolsa Família
RJ;SÃO FIDÉLIS;06/2020;619786;Bolsa Família
RJ;TANGUÁ;06/2020;687891;Bolsa Família
RJ;SÃO JOÃO DA BARRA;06/2020;707323;Bolsa Família
RJ;RESENDE;06/2020;755640;Bolsa Família
RJ;SÃO FRANCISCO DE ITABAPOANA;06/2020;907284;Bolsa Família
RJ;PARACAMBI;06/2020;914273;Bolsa Família
RJ;CACHOEIRAS DE MACACU;06/2020;916467;Bolsa Família
RJ;BARRA DO PIRAÍ;06/2020;1025482;Bolsa Família
RJ;NOVA FRIBURGO;06/2020;1039244;Bolsa Família
RJ;VALENÇA;06/2020;1052652;Bolsa Família
RJ;RIO BONITO;06/2020;1061735;Bolsa Família
RJ;GUAPIMIRIM;06/2020;1143023;Bolsa Família
RJ;SÃO PEDRO DA ALDEIA;06/2020;1155134;Bolsa Família
RJ;TRÊS RIOS;06/2020;1176982;Bolsa Família
RJ;RIO DAS OSTRAS;06/2020;1236408;Bolsa Família
RJ;TERESÓPOLIS;06/2020;1246719;Bolsa Família
RJ;MARICÁ;06/2020;1249728;Bolsa Família
RJ;NILÓPOLIS;06/2020;1403004;Bolsa Família
RJ;ITAGUAÍ;06/2020;1431904;Bolsa Família
RJ;BARRA MANSA;06/2020;1509968;Bolsa Família
RJ;SEROPÉDICA;06/2020;1607784;Bolsa Família
RJ;ARARUAMA;06/2020;2061550;Bolsa Família
RJ;CABO FRIO;06/2020;2076369;Bolsa Família
RJ;ANGRA DOS REIS;06/2020;2195146;Bolsa Família
RJ;MACAÉ;06/2020;2254797;Bolsa Família
RJ;PETRÓPOLIS;06/2020;2400836;Bolsa Família
RJ;JAPERI;06/2020;2439581;Bolsa Família
RJ;QUEIMADOS;06/2020;2519259;Bolsa Família
RJ;MESQUITA;06/2020;2601013;Bolsa Família
RJ;VOLTA REDONDA;06/2020;2606049;Bolsa Família
RJ;SÃO JOÃO DE MERITI;06/2020;3436314;Bolsa Família
RJ;NITERÓI;06/2020;3518782;Bolsa Família
RJ;MAGÉ;06/2020;3714067;Bolsa Família
RJ;ITABORAÍ;06/2020;3926093;Bolsa Família
RJ;BELFORD ROXO;06/2020;9054220;Bolsa Família
RJ;DUQUE DE CAXIAS;06/2020;9368574;Bolsa Família
RJ;CAMPOS DOS GOYTACAZES;06/2020;9460367;Bolsa Família
RJ;SÃO GONÇALO;06/2020;10842729;Bolsa Família
RJ;NOVA IGUAÇU;06/2020;15686989;Bolsa Família
RJ;RIO DE JANEIRO;06/2020;46919909;Bolsa Família
RJ;MACUCO;07/2020;70550;Bolsa Família
RJ;SÃO JOSÉ DE UBÁ;07/2020;98170;Bolsa Família
RJ;SANTA MARIA MADALENA;07/2020;108326;Bolsa Família
RJ;DUAS BARRAS;07/2020;113837;Bolsa Família
RJ;SÃO SEBASTIÃO DO ALTO;07/2020;118939;Bolsa Família
RJ;RIO DAS FLORES;07/2020;125405;Bolsa Família
RJ;APERIBÉ;07/2020;126886;Bolsa Família
RJ;COMENDADOR LEVY GASPARIAN;07/2020;128108;Bolsa Família
RJ;LAJE DO MURIAÉ;07/2020;141496;Bolsa Família
RJ;TRAJANO DE MORAIS;07/2020;146535;Bolsa Família
RJ;QUATIS;07/2020;167219;Bolsa Família
RJ;CARDOSO MOREIRA;07/2020;172237;Bolsa Família
RJ;AREAL;07/2020;172949;Bolsa Família
RJ;VARRE-SAI;07/2020;174514;Bolsa Família
RJ;CORDEIRO;07/2020;175823;Bolsa Família
RJ;ITALVA;07/2020;193849;Bolsa Família
RJ;BOM JARDIM;07/2020;199134;Bolsa Família
RJ;RIO CLARO;07/2020;199646;Bolsa Família
RJ;NATIVIDADE;07/2020;202926;Bolsa Família
RJ;SAPUCAIA;07/2020;205701;Bolsa Família
RJ;ITAOCARA;07/2020;209565;Bolsa Família
RJ;CANTAGALO;07/2020;210486;Bolsa Família
RJ;ENGENHEIRO PAULO DE FRONTIN;07/2020;217222;Bolsa Família
RJ;MENDES;07/2020;218524;Bolsa Família
RJ;ARRAIAL DO CABO;07/2020;228115;Bolsa Família
RJ;SÃO JOSÉ DO VALE DO RIO PRETO;07/2020;228372;Bolsa Família
RJ;CARAPEBUS;07/2020;229827;Bolsa Família
RJ;PORCIÚNCULA;07/2020;235340;Bolsa Família
RJ;SUMIDOURO;07/2020;255152;Bolsa Família
RJ;SANTO ANTÔNIO DE PÁDUA;07/2020;265384;Bolsa Família
RJ;CAMBUCI;07/2020;269355;Bolsa Família
RJ;CARMO;07/2020;302002;Bolsa Família
RJ;PORTO REAL;07/2020;302633;Bolsa Família
RJ;ARMAÇÃO DOS BÚZIOS;07/2020;307521;Bolsa Família
RJ;VASSOURAS;07/2020;311897;Bolsa Família
RJ;IGUABA GRANDE;07/2020;317694;Bolsa Família
RJ;BOM JESUS DO ITABAPOANA;07/2020;342035;Bolsa Família
RJ;PARAÍBA DO SUL;07/2020;342905;Bolsa Família
RJ;CONCEIÇÃO DE MACABU;07/2020;349591;Bolsa Família
RJ;MIGUEL PEREIRA;07/2020;355754;Bolsa Família
RJ;PATY DO ALFERES;07/2020;368519;Bolsa Família
RJ;QUISSAMÃ;07/2020;374845;Bolsa Família
RJ;PINHEIRAL;07/2020;399021;Bolsa Família
RJ;PARATY;07/2020;403012;Bolsa Família
RJ;SILVA JARDIM;07/2020;417559;Bolsa Família
RJ;ITATIAIA;07/2020;422646;Bolsa Família
RJ;MANGARATIBA;07/2020;425423;Bolsa Família
RJ;CASIMIRO DE ABREU;07/2020;434523;Bolsa Família
RJ;PIRAÍ;07/2020;443975;Bolsa Família
RJ;MIRACEMA;07/2020;519081;Bolsa Família
RJ;SÃO FIDÉLIS;07/2020;626408;Bolsa Família
RJ;ITAPERUNA;07/2020;628293;Bolsa Família
RJ;SAQUAREMA;07/2020;643008;Bolsa Família
RJ;TANGUÁ;07/2020;691697;Bolsa Família
RJ;SÃO JOÃO DA BARRA;07/2020;714336;Bolsa Família
RJ;RESENDE;07/2020;766294;Bolsa Família
RJ;PARACAMBI;07/2020;914958;Bolsa Família
RJ;CACHOEIRAS DE MACACU;07/2020;925687;Bolsa Família
RJ;SÃO FRANCISCO DE ITABAPOANA;07/2020;930984;Bolsa Família
RJ;BARRA DO PIRAÍ;07/2020;1044198;Bolsa Família
RJ;VALENÇA;07/2020;1069198;Bolsa Família
RJ;RIO BONITO;07/2020;1069990;Bolsa Família
RJ;NOVA FRIBURGO;07/2020;1070343;Bolsa Família
RJ;GUAPIMIRIM;07/2020;1152865;Bolsa Família
RJ;SÃO PEDRO DA ALDEIA;07/2020;1177333;Bolsa Família
RJ;TRÊS RIOS;07/2020;1194215;Bolsa Família
RJ;RIO DAS OSTRAS;07/2020;1254426;Bolsa Família
RJ;MARICÁ;07/2020;1278297;Bolsa Família
RJ;TERESÓPOLIS;07/2020;1287399;Bolsa Família
RJ;NILÓPOLIS;07/2020;1418976;Bolsa Família
RJ;ITAGUAÍ;07/2020;1468008;Bolsa Família
RJ;BARRA MANSA;07/2020;1525019;Bolsa Família
RJ;SEROPÉDICA;07/2020;1618812;Bolsa Família
RJ;ARARUAMA;07/2020;2094757;Bolsa Família
RJ;CABO FRIO;07/2020;2117417;Bolsa Família
RJ;ANGRA DOS REIS;07/2020;2228959;Bolsa Família
RJ;MACAÉ;07/2020;2283505;Bolsa Família
RJ;JAPERI;07/2020;2446779;Bolsa Família
RJ;PETRÓPOLIS;07/2020;2456520;Bolsa Família
RJ;QUEIMADOS;07/2020;2541691;Bolsa Família
RJ;MESQUITA;07/2020;2627394;Bolsa Família
RJ;VOLTA REDONDA;07/2020;2629970;Bolsa Família
RJ;SÃO JOÃO DE MERITI;07/2020;3523932;Bolsa Família
RJ;NITERÓI;07/2020;3546571;Bolsa Família
RJ;MAGÉ;07/2020;3791980;Bolsa Família
RJ;ITABORAÍ;07/2020;3949627;Bolsa Família
RJ;BELFORD ROXO;07/2020;9111104;Bolsa Família
RJ;DUQUE DE CAXIAS;07/2020;9491093;Bolsa Família
RJ;CAMPOS DOS GOYTACAZES;07/2020;9527716;Bolsa Família
RJ;SÃO GONÇALO;07/2020;10962060;Bolsa Família
RJ;NOVA IGUAÇU;07/2020;15753275;Bolsa Família
RJ;RIO DE JANEIRO;07/2020;47790305;Bolsa Família
RJ;MACUCO;08/2020;70509;Bolsa Família
RJ;SÃO JOSÉ DE UBÁ;08/2020;98129;Bolsa Família
RJ;SANTA MARIA MADALENA;08/2020;108327;Bolsa Família
RJ;DUAS BARRAS;08/2020;113590;Bolsa Família
RJ;SÃO SEBASTIÃO DO ALTO;08/2020;118735;Bolsa Família
RJ;RIO DAS FLORES;08/2020;125406;Bolsa Família
RJ;APERIBÉ;08/2020;126724;Bolsa Família
RJ;COMENDADOR LEVY GASPARIAN;08/2020;128108;Bolsa Família
RJ;LAJE DO MURIAÉ;08/2020;141255;Bolsa Família
RJ;TRAJANO DE MORAIS;08/2020;146535;Bolsa Família
RJ;QUATIS;08/2020;167185;Bolsa Família
RJ;CARDOSO MOREIRA;08/2020;172196;Bolsa Família
RJ;AREAL;08/2020;172701;Bolsa Família
RJ;VARRE-SAI;08/2020;174350;Bolsa Família
RJ;CORDEIRO;08/2020;175741;Bolsa Família
RJ;ITALVA;08/2020;193849;Bolsa Família
RJ;BOM JARDIM;08/2020;199093;Bolsa Família
RJ;RIO CLARO;08/2020;199605;Bolsa Família
RJ;NATIVIDADE;08/2020;202614;Bolsa Família
RJ;SAPUCAIA;08/2020;205578;Bolsa Família
RJ;ITAOCARA;08/2020;209277;Bolsa Família
RJ;CANTAGALO;08/2020;210406;Bolsa Família
RJ;ENGENHEIRO PAULO DE FRONTIN;08/2020;217190;Bolsa Família
RJ;MENDES;08/2020;218399;Bolsa Família
RJ;ARRAIAL DO CABO;08/2020;227858;Bolsa Família
RJ;SÃO JOSÉ DO VALE DO RIO PRETO;08/2020;228331;Bolsa Família
RJ;CARAPEBUS;08/2020;229828;Bolsa Família
RJ;PORCIÚNCULA;08/2020;235106;Bolsa Família
RJ;SUMIDOURO;08/2020;254908;Bolsa Família
RJ;SANTO ANTÔNIO DE PÁDUA;08/2020;265260;Bolsa Família
RJ;CAMBUCI;08/2020;269314;Bolsa Família
RJ;CARMO;08/2020;301849;Bolsa Família
RJ;PORTO REAL;08/2020;302594;Bolsa Família
RJ;ARMAÇÃO DOS BÚZIOS;08/2020;306855;Bolsa Família
RJ;VASSOURAS;08/2020;311612;Bolsa Família
RJ;IGUABA GRANDE;08/2020;317369;Bolsa Família
RJ;BOM JESUS DO ITABAPOANA;08/2020;341667;Bolsa Família
RJ;PARAÍBA DO SUL;08/2020;342375;Bolsa Família
RJ;CONCEIÇÃO DE MACABU;08/2020;349436;Bolsa Família
RJ;MIGUEL PEREIRA;08/2020;355751;Bolsa Família
RJ;PATY DO ALFERES;08/2020;368109;Bolsa Família
RJ;QUISSAMÃ;08/2020;374471;Bolsa Família
RJ;PINHEIRAL;08/2020;398981;Bolsa Família
RJ;PARATY;08/2020;402749;Bolsa Família
RJ;SILVA JARDIM;08/2020;417188;Bolsa Família
RJ;ITATIAIA;08/2020;422605;Bolsa Família
RJ;MANGARATIBA;08/2020;425299;Bolsa Família
RJ;CASIMIRO DE ABREU;08/2020;434223;Bolsa Família
RJ;PIRAÍ;08/2020;443799;Bolsa Família
RJ;MIRACEMA;08/2020;518913;Bolsa Família
RJ;SÃO FIDÉLIS;08/2020;626279;Bolsa Família
RJ;ITAPERUNA;08/2020;627080;Bolsa Família
RJ;SAQUAREMA;08/2020;642911;Bolsa Família
RJ;TANGUÁ;08/2020;691493;Bolsa Família
RJ;SÃO JOÃO DA BARRA;08/2020;714210;Bolsa Família
RJ;RESENDE;08/2020;765975;Bolsa Família
RJ;PARACAMBI;08/2020;914806;Bolsa Família
RJ;CACHOEIRAS DE MACACU;08/2020;925596;Bolsa Família
RJ;SÃO FRANCISCO DE ITABAPOANA;08/2020;930489;Bolsa Família
RJ;BARRA DO PIRAÍ;08/2020;1043826;Bolsa Família
RJ;VALENÇA;08/2020;1068941;Bolsa Família
RJ;NOVA FRIBURGO;08/2020;1069363;Bolsa Família
RJ;RIO BONITO;08/2020;1069667;Bolsa Família
RJ;GUAPIMIRIM;08/2020;1152558;Bolsa Família
RJ;SÃO PEDRO DA ALDEIA;08/2020;1176928;Bolsa Família
RJ;TRÊS RIOS;08/2020;1193967;Bolsa Família
RJ;RIO DAS OSTRAS;08/2020;1253855;Bolsa Família
RJ;MARICÁ;08/2020;1277697;Bolsa Família
RJ;TERESÓPOLIS;08/2020;1286745;Bolsa Família
RJ;NILÓPOLIS;08/2020;1417792;Bolsa Família
RJ;ITAGUAÍ;08/2020;1466833;Bolsa Família
RJ;BARRA MANSA;08/2020;1524494;Bolsa Família
RJ;SEROPÉDICA;08/2020;1618272;Bolsa Família
RJ;ARARUAMA;08/2020;2094301;Bolsa Família
RJ;CABO FRIO;08/2020;2116361;Bolsa Família
RJ;ANGRA DOS REIS;08/2020;2228057;Bolsa Família
RJ;MACAÉ;08/2020;2282512;Bolsa Família
RJ;JAPERI;08/2020;2446777;Bolsa Família
RJ;PETRÓPOLIS;08/2020;2455729;Bolsa Família
RJ;QUEIMADOS;08/2020;2541325;Bolsa Família
RJ;MESQUITA;08/2020;2626861;Bolsa Família
RJ;VOLTA REDONDA;08/2020;2629848;Bolsa Família
RJ;SÃO JOÃO DE MERITI;08/2020;3523449;Bolsa Família
RJ;NITERÓI;08/2020;3545370;Bolsa Família
RJ;MAGÉ;08/2020;3790769;Bolsa Família
RJ;ITABORAÍ;08/2020;3948709;Bolsa Família
RJ;BELFORD ROXO;08/2020;9109270;Bolsa Família
RJ;DUQUE DE CAXIAS;08/2020;9489380;Bolsa Família
RJ;CAMPOS DOS GOYTACAZES;08/2020;9524901;Bolsa Família
RJ;SÃO GONÇALO;08/2020;10858163;Bolsa Família
RJ;NOVA IGUAÇU;08/2020;15750671;Bolsa Família
RJ;RIO DE JANEIRO;08/2020;47778974;Bolsa Família
RJ;MACUCO;09/2020;70822;Bolsa Família
RJ;SÃO JOSÉ DE UBÁ;09/2020;97302;Bolsa Família
RJ;SANTA MARIA MADALENA;09/2020;107461;Bolsa Família
RJ;DUAS BARRAS;09/2020;113558;Bolsa Família
RJ;SÃO SEBASTIÃO DO ALTO;09/2020;118590;Bolsa Família
RJ;RIO DAS FLORES;09/2020;124756;Bolsa Família
RJ;APERIBÉ;09/2020;126256;Bolsa Família
RJ;COMENDADOR LEVY GASPARIAN;09/2020;127595;Bolsa Família
RJ;LAJE DO MURIAÉ;09/2020;139596;Bolsa Família
RJ;TRAJANO DE MORAIS;09/2020;147608;Bolsa Família
RJ;QUATIS;09/2020;167265;Bolsa Família
RJ;AREAL;09/2020;172132;Bolsa Família
RJ;CARDOSO MOREIRA;09/2020;173302;Bolsa Família
RJ;VARRE-SAI;09/2020;175060;Bolsa Família
RJ;CORDEIRO;09/2020;178775;Bolsa Família
RJ;ITALVA;09/2020;193003;Bolsa Família
RJ;BOM JARDIM;09/2020;199680;Bolsa Família
RJ;RIO CLARO;09/2020;201128;Bolsa Família
RJ;NATIVIDADE;09/2020;203879;Bolsa Família
RJ;SAPUCAIA;09/2020;205261;Bolsa Família
RJ;ITAOCARA;09/2020;210292;Bolsa Família
RJ;CANTAGALO;09/2020;211117;Bolsa Família
RJ;ENGENHEIRO PAULO DE FRONTIN;09/2020;215698;Bolsa Família
RJ;MENDES;09/2020;218183;Bolsa Família
RJ;SÃO JOSÉ DO VALE DO RIO PRETO;09/2020;228409;Bolsa Família
RJ;ARRAIAL DO CABO;09/2020;228928;Bolsa Família
RJ;CARAPEBUS;09/2020;232699;Bolsa Família
RJ;PORCIÚNCULA;09/2020;233202;Bolsa Família
RJ;SUMIDOURO;09/2020;256244;Bolsa Família
RJ;SANTO ANTÔNIO DE PÁDUA;09/2020;264208;Bolsa Família
RJ;CAMBUCI;09/2020;269522;Bolsa Família
RJ;CARMO;09/2020;300195;Bolsa Família
RJ;PORTO REAL;09/2020;300439;Bolsa Família
RJ;ARMAÇÃO DOS BÚZIOS;09/2020;309973;Bolsa Família
RJ;VASSOURAS;09/2020;312334;Bolsa Família
RJ;IGUABA GRANDE;09/2020;318715;Bolsa Família
RJ;BOM JESUS DO ITABAPOANA;09/2020;339978;Bolsa Família
RJ;PARAÍBA DO SUL;09/2020;344005;Bolsa Família
RJ;CONCEIÇÃO DE MACABU;09/2020;350254;Bolsa Família
RJ;MIGUEL PEREIRA;09/2020;358082;Bolsa Família
RJ;PATY DO ALFERES;09/2020;369976;Bolsa Família
RJ;QUISSAMÃ;09/2020;375110;Bolsa Família
RJ;PINHEIRAL;09/2020;396201;Bolsa Família
RJ;PARATY;09/2020;404638;Bolsa Família
RJ;SILVA JARDIM;09/2020;418052;Bolsa Família
RJ;ITATIAIA;09/2020;420450;Bolsa Família
RJ;CASIMIRO DE ABREU;09/2020;436038;Bolsa Família
RJ;PIRAÍ;09/2020;439630;Bolsa Família
RJ;MANGARATIBA;09/2020;441208;Bolsa Família
RJ;MIRACEMA;09/2020;519075;Bolsa Família
RJ;SÃO FIDÉLIS;09/2020;624713;Bolsa Família
RJ;ITAPERUNA;09/2020;629906;Bolsa Família
RJ;SAQUAREMA;09/2020;643046;Bolsa Família
RJ;TANGUÁ;09/2020;690684;Bolsa Família
RJ;SÃO JOÃO DA BARRA;09/2020;716224;Bolsa Família
RJ;RESENDE;09/2020;774646;Bolsa Família
RJ;PARACAMBI;09/2020;912553;Bolsa Família
RJ;CACHOEIRAS DE MACACU;09/2020;924690;Bolsa Família
RJ;SÃO FRANCISCO DE ITABAPOANA;09/2020;936008;Bolsa Família
RJ;BARRA DO PIRAÍ;09/2020;1044965;Bolsa Família
RJ;VALENÇA;09/2020;1068091;Bolsa Família
RJ;RIO BONITO;09/2020;1070881;Bolsa Família
RJ;NOVA FRIBURGO;09/2020;1074839;Bolsa Família
RJ;GUAPIMIRIM;09/2020;1154763;Bolsa Família
RJ;SÃO PEDRO DA ALDEIA;09/2020;1178214;Bolsa Família
RJ;TRÊS RIOS;09/2020;1196872;Bolsa Família
RJ;RIO DAS OSTRAS;09/2020;1264522;Bolsa Família
RJ;MARICÁ;09/2020;1287406;Bolsa Família
RJ;TERESÓPOLIS;09/2020;1297056;Bolsa Família
RJ;NILÓPOLIS;09/2020;1408571;Bolsa Família
RJ;ITAGUAÍ;09/2020;1466000;Bolsa Família
RJ;BARRA MANSA;09/2020;1524508;Bolsa Família
RJ;SEROPÉDICA;09/2020;1623356;Bolsa Família
RJ;ARARUAMA;09/2020;2094263;Bolsa Família
RJ;CABO FRIO;09/2020;2114689;Bolsa Família
RJ;ANGRA DOS REIS;09/2020;2234349;Bolsa Família
RJ;MACAÉ;09/2020;2286591;Bolsa Família
RJ;JAPERI;09/2020;2443878;Bolsa Família
RJ;PETRÓPOLIS;09/2020;2456409;Bolsa Família
RJ;QUEIMADOS;09/2020;2565633;Bolsa Família
RJ;MESQUITA;09/2020;2642740;Bolsa Família
RJ;VOLTA REDONDA;09/2020;2714586;Bolsa Família
RJ;SÃO JOÃO DE MERITI;09/2020;3523450;Bolsa Família
RJ;NITERÓI;09/2020;3554913;Bolsa Família
RJ;MAGÉ;09/2020;3803725;Bolsa Família
RJ;ITABORAÍ;09/2020;3947270;Bolsa Família
RJ;BELFORD ROXO;09/2020;9093789;Bolsa Família
RJ;DUQUE DE CAXIAS;09/2020;9523756;Bolsa Família
RJ;CAMPOS DOS GOYTACAZES;09/2020;9571968;Bolsa Família
RJ;SÃO GONÇALO;09/2020;10839491;Bolsa Família
RJ;NOVA IGUAÇU;09/2020;15766685;Bolsa Família
RJ;RIO DE JANEIRO;09/2020;47913112;Bolsa Família
RJ;MACUCO;10/2020;70796;Bolsa Família
RJ;SÃO JOSÉ DE UBÁ;10/2020;97227;Bolsa Família
RJ;SANTA MARIA MADALENA;10/2020;107546;Bolsa Família
RJ;DUAS BARRAS;10/2020;113469;Bolsa Família
RJ;SÃO SEBASTIÃO DO ALTO;10/2020;118550;Bolsa Família
RJ;RIO DAS FLORES;10/2020;124813;Bolsa Família
RJ;APERIBÉ;10/2020;126216;Bolsa Família
RJ;COMENDADOR LEVY GASPARIAN;10/2020;127436;Bolsa Família
RJ;LAJE DO MURIAÉ;10/2020;139510;Bolsa Família
RJ;TRAJANO DE MORAIS;10/2020;147002;Bolsa Família
RJ;QUATIS;10/2020;167130;Bolsa Família
RJ;AREAL;10/2020;171648;Bolsa Família
RJ;CARDOSO MOREIRA;10/2020;173132;Bolsa Família
RJ;VARRE-SAI;10/2020;174711;Bolsa Família
RJ;CORDEIRO;10/2020;178744;Bolsa Família
RJ;ITALVA;10/2020;192835;Bolsa Família
RJ;BOM JARDIM;10/2020;199450;Bolsa Família
RJ;RIO CLARO;10/2020;200854;Bolsa Família
RJ;NATIVIDADE;10/2020;203384;Bolsa Família
RJ;SAPUCAIA;10/2020;205248;Bolsa Família
RJ;ITAOCARA;10/2020;210011;Bolsa Família
RJ;CANTAGALO;10/2020;211074;Bolsa Família
RJ;ENGENHEIRO PAULO DE FRONTIN;10/2020;215532;Bolsa Família
RJ;MENDES;10/2020;218233;Bolsa Família
RJ;SÃO JOSÉ DO VALE DO RIO PRETO;10/2020;228275;Bolsa Família
RJ;ARRAIAL DO CABO;10/2020;228904;Bolsa Família
RJ;CARAPEBUS;10/2020;232564;Bolsa Família
RJ;PORCIÚNCULA;10/2020;233168;Bolsa Família
RJ;SUMIDOURO;10/2020;255685;Bolsa Família
RJ;SANTO ANTÔNIO DE PÁDUA;10/2020;264189;Bolsa Família
RJ;CAMBUCI;10/2020;269569;Bolsa Família
RJ;CARMO;10/2020;300109;Bolsa Família
RJ;PORTO REAL;10/2020;300313;Bolsa Família
RJ;ARMAÇÃO DOS BÚZIOS;10/2020;310076;Bolsa Família
RJ;VASSOURAS;10/2020;311913;Bolsa Família
RJ;IGUABA GRANDE;10/2020;318386;Bolsa Família
RJ;BOM JESUS DO ITABAPOANA;10/2020;339379;Bolsa Família
RJ;PARAÍBA DO SUL;10/2020;343586;Bolsa Família
RJ;CONCEIÇÃO DE MACABU;10/2020;349774;Bolsa Família
RJ;MIGUEL PEREIRA;10/2020;357941;Bolsa Família
RJ;PATY DO ALFERES;10/2020;369282;Bolsa Família
RJ;QUISSAMÃ;10/2020;374797;Bolsa Família
RJ;PINHEIRAL;10/2020;396257;Bolsa Família
RJ;PARATY;10/2020;404221;Bolsa Família
RJ;SILVA JARDIM;10/2020;417800;Bolsa Família
RJ;ITATIAIA;10/2020;420224;Bolsa Família
RJ;CASIMIRO DE ABREU;10/2020;435691;Bolsa Família
RJ;PIRAÍ;10/2020;439635;Bolsa Família
RJ;MANGARATIBA;10/2020;440608;Bolsa Família
RJ;MIRACEMA;10/2020;518917;Bolsa Família
RJ;SÃO FIDÉLIS;10/2020;624603;Bolsa Família
RJ;ITAPERUNA;10/2020;629389;Bolsa Família
RJ;SAQUAREMA;10/2020;643272;Bolsa Família
RJ;TANGUÁ;10/2020;690454;Bolsa Família
RJ;SÃO JOÃO DA BARRA;10/2020;716139;Bolsa Família
RJ;RESENDE;10/2020;774208;Bolsa Família
RJ;PARACAMBI;10/2020;912509;Bolsa Família
RJ;CACHOEIRAS DE MACACU;10/2020;924957;Bolsa Família
RJ;SÃO FRANCISCO DE ITABAPOANA;10/2020;935947;Bolsa Família
RJ;BARRA DO PIRAÍ;10/2020;1044535;Bolsa Família
RJ;VALENÇA;10/2020;1068083;Bolsa Família
RJ;RIO BONITO;10/2020;1070646;Bolsa Família
RJ;NOVA FRIBURGO;10/2020;1074337;Bolsa Família
RJ;GUAPIMIRIM;10/2020;1154146;Bolsa Família
RJ;SÃO PEDRO DA ALDEIA;10/2020;1176848;Bolsa Família
RJ;TRÊS RIOS;10/2020;1195926;Bolsa Família
RJ;RIO DAS OSTRAS;10/2020;1263953;Bolsa Família
RJ;MARICÁ;10/2020;1287171;Bolsa Família
RJ;TERESÓPOLIS;10/2020;1296911;Bolsa Família
RJ;NILÓPOLIS;10/2020;1407330;Bolsa Família
RJ;ITAGUAÍ;10/2020;1464962;Bolsa Família
RJ;BARRA MANSA;10/2020;1524225;Bolsa Família
RJ;SEROPÉDICA;10/2020;1622352;Bolsa Família
RJ;ARARUAMA;10/2020;2095575;Bolsa Família
RJ;CABO FRIO;10/2020;2113924;Bolsa Família
RJ;ANGRA DOS REIS;10/2020;2233794;Bolsa Família
RJ;MACAÉ;10/2020;2285702;Bolsa Família
RJ;JAPERI;10/2020;2443664;Bolsa Família
RJ;PETRÓPOLIS;10/2020;2454864;Bolsa Família
RJ;QUEIMADOS;10/2020;2565210;Bolsa Família
RJ;MESQUITA;10/2020;2641976;Bolsa Família
RJ;VOLTA REDONDA;10/2020;2643900;Bolsa Família
RJ;SÃO JOÃO DE MERITI;10/2020;3525792;Bolsa Família
RJ;NITERÓI;10/2020;3553186;Bolsa Família
RJ;MAGÉ;10/2020;3801051;Bolsa Família
RJ;ITABORAÍ;10/2020;3946520;Bolsa Família
RJ;BELFORD ROXO;10/2020;9092391;Bolsa Família
RJ;DUQUE DE CAXIAS;10/2020;9518026;Bolsa Família
RJ;CAMPOS DOS GOYTACAZES;10/2020;9540574;Bolsa Família
RJ;SÃO GONÇALO;10/2020;10837634;Bolsa Família
RJ;NOVA IGUAÇU;10/2020;15765402;Bolsa Família
RJ;RIO DE JANEIRO;10/2020;47846856;Bolsa Família
RJ;MACUCO;11/2020;70748;Bolsa Família
RJ;SÃO JOSÉ DE UBÁ;11/2020;97228;Bolsa Família
RJ;SANTA MARIA MADALENA;11/2020;107634;Bolsa Família
RJ;DUAS BARRAS;11/2020;113477;Bolsa Família
RJ;SÃO SEBASTIÃO DO ALTO;11/2020;118551;Bolsa Família
RJ;RIO DAS FLORES;11/2020;124733;Bolsa Família
RJ;APERIBÉ;11/2020;126093;Bolsa Família
RJ;COMENDADOR LEVY GASPARIAN;11/2020;127437;Bolsa Família
RJ;LAJE DO MURIAÉ;11/2020;139450;Bolsa Família
RJ;TRAJANO DE MORAIS;11/2020;146818;Bolsa Família
RJ;QUATIS;11/2020;167219;Bolsa Família
RJ;AREAL;11/2020;171607;Bolsa Família
RJ;CARDOSO MOREIRA;11/2020;173222;Bolsa Família
RJ;VARRE-SAI;11/2020;174547;Bolsa Família
RJ;CORDEIRO;11/2020;178833;Bolsa Família
RJ;ITALVA;11/2020;192834;Bolsa Família
RJ;BOM JARDIM;11/2020;199498;Bolsa Família
RJ;RIO CLARO;11/2020;200903;Bolsa Família
RJ;NATIVIDADE;11/2020;203394;Bolsa Família
RJ;SAPUCAIA;11/2020;205205;Bolsa Família
RJ;ITAOCARA;11/2020;210012;Bolsa Família
RJ;CANTAGALO;11/2020;211034;Bolsa Família
RJ;ENGENHEIRO PAULO DE FRONTIN;11/2020;215409;Bolsa Família
RJ;MENDES;11/2020;218198;Bolsa Família
RJ;SÃO JOSÉ DO VALE DO RIO PRETO;11/2020;228433;Bolsa Família
RJ;ARRAIAL DO CABO;11/2020;228797;Bolsa Família
RJ;CARAPEBUS;11/2020;232656;Bolsa Família
RJ;PORCIÚNCULA;11/2020;232962;Bolsa Família
RJ;SUMIDOURO;11/2020;255733;Bolsa Família
RJ;SANTO ANTÔNIO DE PÁDUA;11/2020;264114;Bolsa Família
RJ;CAMBUCI;11/2020;269657;Bolsa Família
RJ;CARMO;11/2020;300118;Bolsa Família
RJ;PORTO REAL;11/2020;300661;Bolsa Família
RJ;ARMAÇÃO DOS BÚZIOS;11/2020;310079;Bolsa Família
RJ;VASSOURAS;11/2020;312104;Bolsa Família
RJ;IGUABA GRANDE;11/2020;318367;Bolsa Família
RJ;BOM JESUS DO ITABAPOANA;11/2020;339178;Bolsa Família
RJ;PARAÍBA DO SUL;11/2020;343204;Bolsa Família
RJ;CONCEIÇÃO DE MACABU;11/2020;349789;Bolsa Família
RJ;MIGUEL PEREIRA;11/2020;358024;Bolsa Família
RJ;PATY DO ALFERES;11/2020;369133;Bolsa Família
RJ;QUISSAMÃ;11/2020;374757;Bolsa Família
RJ;PINHEIRAL;11/2020;396348;Bolsa Família
RJ;PARATY;11/2020;403983;Bolsa Família
RJ;SILVA JARDIM;11/2020;418034;Bolsa Família
RJ;ITATIAIA;11/2020;420274;Bolsa Família
RJ;CASIMIRO DE ABREU;11/2020;435487;Bolsa Família
RJ;PIRAÍ;11/2020;439644;Bolsa Família
RJ;MANGARATIBA;11/2020;440703;Bolsa Família
RJ;MIRACEMA;11/2020;518613;Bolsa Família
RJ;SÃO FIDÉLIS;11/2020;624598;Bolsa Família
RJ;ITAPERUNA;11/2020;629598;Bolsa Família
RJ;SAQUAREMA;11/2020;643165;Bolsa Família
RJ;TANGUÁ;11/2020;690335;Bolsa Família
RJ;SÃO JOÃO DA BARRA;11/2020;716050;Bolsa Família
RJ;RESENDE;11/2020;774409;Bolsa Família
RJ;PARACAMBI;11/2020;912502;Bolsa Família
RJ;CACHOEIRAS DE MACACU;11/2020;924917;Bolsa Família
RJ;SÃO FRANCISCO DE ITABAPOANA;11/2020;935773;Bolsa Família
RJ;BARRA DO PIRAÍ;11/2020;1044594;Bolsa Família
RJ;VALENÇA;11/2020;1067975;Bolsa Família
RJ;RIO BONITO;11/2020;1070133;Bolsa Família
RJ;NOVA FRIBURGO;11/2020;1074281;Bolsa Família
RJ;GUAPIMIRIM;11/2020;1154103;Bolsa Família
RJ;SÃO PEDRO DA ALDEIA;11/2020;1176310;Bolsa Família
RJ;TRÊS RIOS;11/2020;1195956;Bolsa Família
RJ;RIO DAS OSTRAS;11/2020;1263556;Bolsa Família
RJ;MARICÁ;11/2020;1286869;Bolsa Família
RJ;TERESÓPOLIS;11/2020;1297033;Bolsa Família
RJ;NILÓPOLIS;11/2020;1407333;Bolsa Família
RJ;ITAGUAÍ;11/2020;1464227;Bolsa Família
RJ;BARRA MANSA;11/2020;1524085;Bolsa Família
RJ;SEROPÉDICA;11/2020;1621895;Bolsa Família
RJ;ARARUAMA;11/2020;2095322;Bolsa Família
RJ;CABO FRIO;11/2020;2115039;Bolsa Família
RJ;ANGRA DOS REIS;11/2020;2233867;Bolsa Família
RJ;MACAÉ;11/2020;2285817;Bolsa Família
RJ;JAPERI;11/2020;2443441;Bolsa Família
RJ;PETRÓPOLIS;11/2020;2455535;Bolsa Família
RJ;QUEIMADOS;11/2020;2564816;Bolsa Família
RJ;MESQUITA;11/2020;2642026;Bolsa Família
RJ;VOLTA REDONDA;11/2020;2643750;Bolsa Família
RJ;SÃO JOÃO DE MERITI;11/2020;3527058;Bolsa Família
RJ;NITERÓI;11/2020;3553067;Bolsa Família
RJ;MAGÉ;11/2020;3799190;Bolsa Família
RJ;ITABORAÍ;11/2020;3946629;Bolsa Família
RJ;BELFORD ROXO;11/2020;9090386;Bolsa Família
RJ;DUQUE DE CAXIAS;11/2020;9515563;Bolsa Família
RJ;CAMPOS DOS GOYTACAZES;11/2020;9539882;Bolsa Família
RJ;SÃO GONÇALO;11/2020;10838401;Bolsa Família
RJ;NOVA IGUAÇU;11/2020;15748765;Bolsa Família
RJ;RIO DE JANEIRO;11/2020;47823576;Bolsa Família
RJ;MACUCO;12/2020;70707;Bolsa Família
RJ;SÃO JOSÉ DE UBÁ;12/2020;97187;Bolsa Família
RJ;SANTA MARIA MADALENA;12/2020;107634;Bolsa Família
RJ;DUAS BARRAS;12/2020;113477;Bolsa Família
RJ;SÃO SEBASTIÃO DO ALTO;12/2020;118551;Bolsa Família
RJ;RIO DAS FLORES;12/2020;124734;Bolsa Família
RJ;APERIBÉ;12/2020;126093;Bolsa Família
RJ;COMENDADOR LEVY GASPARIAN;12/2020;127396;Bolsa Família
RJ;LAJE DO MURIAÉ;12/2020;139409;Bolsa Família
RJ;TRAJANO DE MORAIS;12/2020;146818;Bolsa Família
RJ;QUATIS;12/2020;167220;Bolsa Família
RJ;AREAL;12/2020;171606;Bolsa Família
RJ;CARDOSO MOREIRA;12/2020;173222;Bolsa Família
RJ;VARRE-SAI;12/2020;174465;Bolsa Família
RJ;CORDEIRO;12/2020;178708;Bolsa Família
RJ;ITALVA;12/2020;192793;Bolsa Família
RJ;BOM JARDIM;12/2020;199416;Bolsa Família
RJ;RIO CLARO;12/2020;200780;Bolsa Família
RJ;NATIVIDADE;12/2020;203312;Bolsa Família
RJ;SAPUCAIA;12/2020;205205;Bolsa Família
RJ;ITAOCARA;12/2020;210012;Bolsa Família
RJ;CANTAGALO;12/2020;210993;Bolsa Família
RJ;ENGENHEIRO PAULO DE FRONTIN;12/2020;215410;Bolsa Família
RJ;MENDES;12/2020;218158;Bolsa Família
RJ;SÃO JOSÉ DO VALE DO RIO PRETO;12/2020;228392;Bolsa Família
RJ;ARRAIAL DO CABO;12/2020;228552;Bolsa Família
RJ;CARAPEBUS;12/2020;232655;Bolsa Família
RJ;PORCIÚNCULA;12/2020;232839;Bolsa Família
RJ;SUMIDOURO;12/2020;255691;Bolsa Família
RJ;SANTO ANTÔNIO DE PÁDUA;12/2020;264114;Bolsa Família
RJ;CAMBUCI;12/2020;269657;Bolsa Família
RJ;CARMO;12/2020;300118;Bolsa Família
RJ;PORTO REAL;12/2020;300661;Bolsa Família
RJ;ARMAÇÃO DOS BÚZIOS;12/2020;310039;Bolsa Família
RJ;VASSOURAS;12/2020;311941;Bolsa Família
RJ;IGUABA GRANDE;12/2020;318327;Bolsa Família
RJ;BOM JESUS DO ITABAPOANA;12/2020;339096;Bolsa Família
RJ;PARAÍBA DO SUL;12/2020;343082;Bolsa Família
RJ;CONCEIÇÃO DE MACABU;12/2020;349789;Bolsa Família
RJ;MIGUEL PEREIRA;12/2020;358024;Bolsa Família
RJ;PATY DO ALFERES;12/2020;369052;Bolsa Família
RJ;QUISSAMÃ;12/2020;374675;Bolsa Família
RJ;PINHEIRAL;12/2020;396322;Bolsa Família
RJ;PARATY;12/2020;403953;Bolsa Família
RJ;SILVA JARDIM;12/2020;417830;Bolsa Família
RJ;ITATIAIA;12/2020;420272;Bolsa Família
RJ;CASIMIRO DE ABREU;12/2020;435362;Bolsa Família
RJ;PIRAÍ;12/2020;439646;Bolsa Família
RJ;MANGARATIBA;12/2020;440701;Bolsa Família
RJ;MIRACEMA;12/2020;518614;Bolsa Família
RJ;SÃO FIDÉLIS;12/2020;624466;Bolsa Família
RJ;ITAPERUNA;12/2020;629494;Bolsa Família
RJ;SAQUAREMA;12/2020;643043;Bolsa Família
RJ;TANGUÁ;12/2020;690291;Bolsa Família
RJ;SÃO JOÃO DA BARRA;12/2020;715926;Bolsa Família
RJ;RESENDE;12/2020;774243;Bolsa Família
RJ;PARACAMBI;12/2020;912503;Bolsa Família
RJ;CACHOEIRAS DE MACACU;12/2020;924917;Bolsa Família
RJ;SÃO FRANCISCO DE ITABAPOANA;12/2020;935691;Bolsa Família
RJ;BARRA DO PIRAÍ;12/2020;1044549;Bolsa Família
RJ;VALENÇA;12/2020;1067771;Bolsa Família
RJ;RIO BONITO;12/2020;1070098;Bolsa Família
RJ;NOVA FRIBURGO;12/2020;1074278;Bolsa Família
RJ;GUAPIMIRIM;12/2020;1154063;Bolsa Família
RJ;SÃO PEDRO DA ALDEIA;12/2020;1175967;Bolsa Família
RJ;TRÊS RIOS;12/2020;1195870;Bolsa Família
RJ;RIO DAS OSTRAS;12/2020;1263352;Bolsa Família
RJ;MARICÁ;12/2020;1286753;Bolsa Família
RJ;TERESÓPOLIS;12/2020;1296865;Bolsa Família
RJ;NILÓPOLIS;12/2020;1407210;Bolsa Família
RJ;ITAGUAÍ;12/2020;1463805;Bolsa Família
RJ;BARRA MANSA;12/2020;1524085;Bolsa Família
RJ;SEROPÉDICA;12/2020;1621707;Bolsa Família
RJ;ARARUAMA;12/2020;2095065;Bolsa Família
RJ;CABO FRIO;12/2020;2114905;Bolsa Família
RJ;ANGRA DOS REIS;12/2020;2233719;Bolsa Família
RJ;MACAÉ;12/2020;2285570;Bolsa Família
RJ;JAPERI;12/2020;2443388;Bolsa Família
RJ;PETRÓPOLIS;12/2020;2455463;Bolsa Família
RJ;QUEIMADOS;12/2020;2564404;Bolsa Família
RJ;MESQUITA;12/2020;2642025;Bolsa Família
RJ;VOLTA REDONDA;12/2020;2643588;Bolsa Família
RJ;SÃO JOÃO DE MERITI;12/2020;3526627;Bolsa Família
RJ;NITERÓI;12/2020;3552394;Bolsa Família
RJ;MAGÉ;12/2020;3798610;Bolsa Família
RJ;ITABORAÍ;12/2020;3946203;Bolsa Família
RJ;BELFORD ROXO;12/2020;9090084;Bolsa Família
RJ;DUQUE DE CAXIAS;12/2020;9514034;Bolsa Família
RJ;CAMPOS DOS GOYTACAZES;12/2020;9539562;Bolsa Família
RJ;SÃO GONÇALO;12/2020;10849254;Bolsa Família
RJ;NOVA IGUAÇU;12/2020;15763148;Bolsa Família
RJ;RIO DE JANEIRO;12/2020;47842397;Bolsa Família
