﻿"UF";"Município";"Mês/Ano";"Valor Transferido";"Programa Social";
"RJ";"COMENDADOR LEVY GASPARIAN";"12/2020";"78.375,00";"BPC";
"RJ";"COMENDADOR LEVY GASPARIAN";"10/2020";"79.420,00";"BPC";
"RJ";"COMENDADOR LEVY GASPARIAN";"11/2020";"79.434,18";"BPC";
"RJ";"COMENDADOR LEVY GASPARIAN";"09/2020";"80.465,00";"BPC";
"RJ";"COMENDADOR LEVY GASPARIAN";"08/2020";"81.510,00";"BPC";
"RJ";"COMENDADOR LEVY GASPARIAN";"07/2020";"83.600,00";"BPC";
"RJ";"COMENDADOR LEVY GASPARIAN";"06/2020";"83.600,00";"BPC";
"RJ";"COMENDADOR LEVY GASPARIAN";"01/2021";"83.600,00";"BPC";
"RJ";"COMENDADOR LEVY GASPARIAN";"05/2020";"85.690,00";"BPC";
"RJ";"COMENDADOR LEVY GASPARIAN";"04/2020";"86.735,00";"BPC";
"RJ";"SÃO JOSÉ DE UBÁ";"12/2020";"101.365,00";"BPC";
"RJ";"SÃO JOSÉ DE UBÁ";"10/2020";"101.365,00";"BPC";
"RJ";"SÃO JOSÉ DE UBÁ";"11/2020";"101.372,84";"BPC";
"RJ";"SÃO JOSÉ DE UBÁ";"09/2020";"102.410,00";"BPC";
"RJ";"SÃO JOSÉ DE UBÁ";"08/2020";"104.500,00";"BPC";
"RJ";"SÃO JOSÉ DE UBÁ";"07/2020";"105.545,00";"BPC";
"RJ";"SÃO JOSÉ DE UBÁ";"06/2020";"106.590,00";"BPC";
"RJ";"SÃO JOSÉ DE UBÁ";"01/2021";"106.700,00";"BPC";
"RJ";"SÃO JOSÉ DE UBÁ";"05/2020";"107.635,00";"BPC";
"RJ";"SÃO JOSÉ DE UBÁ";"04/2020";"108.680,00";"BPC";
"RJ";"RIO DAS FLORES";"04/2020";"124.355,00";"BPC";
"RJ";"RIO DAS FLORES";"11/2020";"124.376,93";"BPC";
"RJ";"RIO DAS FLORES";"12/2020";"125.400,00";"BPC";
"RJ";"RIO DAS FLORES";"10/2020";"125.400,00";"BPC";
"RJ";"RIO DAS FLORES";"05/2020";"125.400,00";"BPC";
"RJ";"RIO DAS FLORES";"09/2020";"125.400,00";"BPC";
"RJ";"RIO DAS FLORES";"08/2020";"127.490,00";"BPC";
"RJ";"RIO DAS FLORES";"06/2020";"128.535,00";"BPC";
"RJ";"RIO DAS FLORES";"07/2020";"128.535,00";"BPC";
"RJ";"RIO DAS FLORES";"01/2021";"130.900,00";"BPC";
"RJ";"MACUCO";"06/2020";"153.615,10";"BPC";
"RJ";"MACUCO";"05/2020";"154.660,10";"BPC";
"RJ";"MACUCO";"08/2020";"154.660,10";"BPC";
"RJ";"MACUCO";"07/2020";"154.660,10";"BPC";
"RJ";"MACUCO";"09/2020";"155.705,10";"BPC";
"RJ";"MACUCO";"04/2020";"156.750,10";"BPC";
"RJ";"MACUCO";"11/2020";"156.773,20";"BPC";
"RJ";"MACUCO";"10/2020";"157.795,10";"BPC";
"RJ";"MACUCO";"12/2020";"157.795,10";"BPC";
"RJ";"MACUCO";"01/2021";"163.900,00";"BPC";
"RJ";"APERIBÉ";"09/2020";"169.290,90";"BPC";
"RJ";"APERIBÉ";"07/2020";"170.335,90";"BPC";
"RJ";"APERIBÉ";"04/2020";"171.380,90";"BPC";
"RJ";"APERIBÉ";"08/2020";"171.380,90";"BPC";
"RJ";"APERIBÉ";"10/2020";"172.425,90";"BPC";
"RJ";"APERIBÉ";"11/2020";"172.447,79";"BPC";
"RJ";"APERIBÉ";"06/2020";"173.470,90";"BPC";
"RJ";"APERIBÉ";"05/2020";"173.470,90";"BPC";
"RJ";"APERIBÉ";"12/2020";"174.515,90";"BPC";
"RJ";"APERIBÉ";"01/2021";"184.800,00";"BPC";
"RJ";"SÃO SEBASTIÃO DO ALTO";"12/2020";"210.045,25";"BPC";
"RJ";"SÃO SEBASTIÃO DO ALTO";"07/2020";"212.135,25";"BPC";
"RJ";"SÃO SEBASTIÃO DO ALTO";"10/2020";"212.135,25";"BPC";
"RJ";"SÃO SEBASTIÃO DO ALTO";"11/2020";"212.174,30";"BPC";
"RJ";"SÃO SEBASTIÃO DO ALTO";"08/2020";"213.180,25";"BPC";
"RJ";"SÃO SEBASTIÃO DO ALTO";"05/2020";"215.270,25";"BPC";
"RJ";"SÃO SEBASTIÃO DO ALTO";"09/2020";"215.270,25";"BPC";
"RJ";"SÃO SEBASTIÃO DO ALTO";"06/2020";"215.270,25";"BPC";
"RJ";"VARRE-SAI";"04/2020";"216.315,00";"BPC";
"RJ";"DUAS BARRAS";"12/2020";"216.315,00";"BPC";
"RJ";"VARRE-SAI";"05/2020";"217.360,00";"BPC";
"RJ";"SÃO SEBASTIÃO DO ALTO";"04/2020";"217.360,25";"BPC";
"RJ";"DUAS BARRAS";"07/2020";"219.450,00";"BPC";
"RJ";"DUAS BARRAS";"08/2020";"219.450,00";"BPC";
"RJ";"DUAS BARRAS";"11/2020";"219.483,12";"BPC";
"RJ";"VARRE-SAI";"06/2020";"220.495,00";"BPC";
"RJ";"SÃO SEBASTIÃO DO ALTO";"01/2021";"221.100,00";"BPC";
"RJ";"DUAS BARRAS";"06/2020";"221.540,00";"BPC";
"RJ";"VARRE-SAI";"07/2020";"221.540,00";"BPC";
"RJ";"DUAS BARRAS";"04/2020";"222.585,00";"BPC";
"RJ";"DUAS BARRAS";"09/2020";"222.585,00";"BPC";
"RJ";"DUAS BARRAS";"10/2020";"222.585,00";"BPC";
"RJ";"VARRE-SAI";"08/2020";"222.585,00";"BPC";
"RJ";"DUAS BARRAS";"05/2020";"222.585,00";"BPC";
"RJ";"VARRE-SAI";"09/2020";"224.675,00";"BPC";
"RJ";"DUAS BARRAS";"01/2021";"225.500,00";"BPC";
"RJ";"VARRE-SAI";"12/2020";"225.720,00";"BPC";
"RJ";"VARRE-SAI";"10/2020";"226.765,00";"BPC";
"RJ";"VARRE-SAI";"11/2020";"228.902,20";"BPC";
"RJ";"VARRE-SAI";"01/2021";"240.900,00";"BPC";
"RJ";"QUATIS";"12/2020";"242.440,50";"BPC";
"RJ";"QUATIS";"11/2020";"244.564,55";"BPC";
"RJ";"ENGENHEIRO PAULO DE FRONTIN";"10/2020";"245.575,00";"BPC";
"RJ";"ENGENHEIRO PAULO DE FRONTIN";"11/2020";"246.648,27";"BPC";
"RJ";"ENGENHEIRO PAULO DE FRONTIN";"09/2020";"247.665,00";"BPC";
"RJ";"QUATIS";"10/2020";"247.665,50";"BPC";
"RJ";"ENGENHEIRO PAULO DE FRONTIN";"12/2020";"248.710,00";"BPC";
"RJ";"QUATIS";"01/2021";"249.700,00";"BPC";
"RJ";"ENGENHEIRO PAULO DE FRONTIN";"08/2020";"250.800,00";"BPC";
"RJ";"QUATIS";"09/2020";"250.800,50";"BPC";
"RJ";"QUATIS";"08/2020";"251.845,50";"BPC";
"RJ";"QUATIS";"06/2020";"252.890,50";"BPC";
"RJ";"QUATIS";"07/2020";"252.890,50";"BPC";
"RJ";"ENGENHEIRO PAULO DE FRONTIN";"06/2020";"253.935,00";"BPC";
"RJ";"ENGENHEIRO PAULO DE FRONTIN";"07/2020";"253.935,00";"BPC";
"RJ";"QUATIS";"04/2020";"253.935,50";"BPC";
"RJ";"QUATIS";"05/2020";"256.025,50";"BPC";
"RJ";"ENGENHEIRO PAULO DE FRONTIN";"05/2020";"258.115,00";"BPC";
"RJ";"AREAL";"06/2020";"258.115,00";"BPC";
"RJ";"ENGENHEIRO PAULO DE FRONTIN";"04/2020";"259.160,00";"BPC";
"RJ";"AREAL";"05/2020";"259.160,50";"BPC";
"RJ";"AREAL";"04/2020";"259.160,50";"BPC";
"RJ";"LAJE DO MURIAÉ";"04/2020";"260.205,00";"BPC";
"RJ";"ENGENHEIRO PAULO DE FRONTIN";"01/2021";"260.700,00";"BPC";
"RJ";"LAJE DO MURIAÉ";"05/2020";"261.250,00";"BPC";
"RJ";"LAJE DO MURIAÉ";"06/2020";"261.250,00";"BPC";
"RJ";"AREAL";"12/2020";"262.295,00";"BPC";
"RJ";"AREAL";"07/2020";"262.295,00";"BPC";
"RJ";"AREAL";"11/2020";"262.346,54";"BPC";
"RJ";"AREAL";"10/2020";"263.340,00";"BPC";
"RJ";"AREAL";"09/2020";"263.340,00";"BPC";
"RJ";"LAJE DO MURIAÉ";"08/2020";"264.385,00";"BPC";
"RJ";"AREAL";"08/2020";"264.385,00";"BPC";
"RJ";"SANTA MARIA MADALENA";"11/2020";"264.446,55";"BPC";
"RJ";"LAJE DO MURIAÉ";"10/2020";"265.430,00";"BPC";
"RJ";"SANTA MARIA MADALENA";"12/2020";"265.430,00";"BPC";
"RJ";"SANTA MARIA MADALENA";"10/2020";"265.430,00";"BPC";
"RJ";"LAJE DO MURIAÉ";"12/2020";"265.430,00";"BPC";
"RJ";"LAJE DO MURIAÉ";"07/2020";"265.430,00";"BPC";
"RJ";"LAJE DO MURIAÉ";"09/2020";"266.475,00";"BPC";
"RJ";"LAJE DO MURIAÉ";"11/2020";"266.518,56";"BPC";
"RJ";"PORTO REAL";"05/2020";"267.520,55";"BPC";
"RJ";"PORTO REAL";"08/2020";"268.565,55";"BPC";
"RJ";"PORTO REAL";"06/2020";"268.565,55";"BPC";
"RJ";"PORTO REAL";"04/2020";"268.565,55";"BPC";
"RJ";"SANTA MARIA MADALENA";"09/2020";"269.610,00";"BPC";
"RJ";"PORTO REAL";"07/2020";"269.610,55";"BPC";
"RJ";"PORTO REAL";"09/2020";"269.610,55";"BPC";
"RJ";"PORTO REAL";"11/2020";"269.651,70";"BPC";
"RJ";"CARAPEBUS";"10/2020";"270.655,00";"BPC";
"RJ";"SANTA MARIA MADALENA";"08/2020";"270.655,00";"BPC";
"RJ";"PORTO REAL";"10/2020";"270.655,55";"BPC";
"RJ";"CARAPEBUS";"11/2020";"270.704,52";"BPC";
"RJ";"CARAPEBUS";"09/2020";"271.700,00";"BPC";
"RJ";"CARAPEBUS";"12/2020";"271.700,00";"BPC";
"RJ";"PORTO REAL";"12/2020";"271.700,55";"BPC";
"RJ";"CARAPEBUS";"08/2020";"272.745,00";"BPC";
"RJ";"SANTA MARIA MADALENA";"04/2020";"272.745,00";"BPC";
"RJ";"SANTA MARIA MADALENA";"05/2020";"272.745,00";"BPC";
"RJ";"SANTA MARIA MADALENA";"06/2020";"273.790,00";"BPC";
"RJ";"SANTA MARIA MADALENA";"07/2020";"273.790,00";"BPC";
"RJ";"CARAPEBUS";"07/2020";"273.790,00";"BPC";
"RJ";"CARAPEBUS";"06/2020";"273.790,00";"BPC";
"RJ";"CARAPEBUS";"04/2020";"274.835,00";"BPC";
"RJ";"CARAPEBUS";"05/2020";"274.835,00";"BPC";
"RJ";"AREAL";"01/2021";"275.000,00";"BPC";
"RJ";"SUMIDOURO";"04/2020";"275.880,00";"BPC";
"RJ";"SANTA MARIA MADALENA";"01/2021";"276.100,00";"BPC";
"RJ";"PORTO REAL";"01/2021";"278.300,00";"BPC";
"RJ";"SUMIDOURO";"05/2020";"279.015,00";"BPC";
"RJ";"SUMIDOURO";"07/2020";"279.015,00";"BPC";
"RJ";"SUMIDOURO";"08/2020";"279.015,00";"BPC";
"RJ";"LAJE DO MURIAÉ";"01/2021";"279.400,00";"BPC";
"RJ";"SUMIDOURO";"09/2020";"280.060,00";"BPC";
"RJ";"SUMIDOURO";"06/2020";"280.060,00";"BPC";
"RJ";"SUMIDOURO";"11/2020";"281.167,43";"BPC";
"RJ";"SUMIDOURO";"10/2020";"282.150,00";"BPC";
"RJ";"SUMIDOURO";"12/2020";"283.195,00";"BPC";
"RJ";"CARAPEBUS";"01/2021";"287.100,00";"BPC";
"RJ";"TRAJANO DE MORAIS";"12/2020";"290.510,92";"BPC";
"RJ";"TRAJANO DE MORAIS";"10/2020";"291.555,09";"BPC";
"RJ";"TRAJANO DE MORAIS";"11/2020";"291.614,34";"BPC";
"RJ";"TRAJANO DE MORAIS";"09/2020";"293.645,09";"BPC";
"RJ";"TRAJANO DE MORAIS";"08/2020";"294.690,09";"BPC";
"RJ";"TRAJANO DE MORAIS";"07/2020";"296.780,09";"BPC";
"RJ";"RIO CLARO";"04/2020";"297.825,00";"BPC";
"RJ";"SUMIDOURO";"01/2021";"298.100,00";"BPC";
"RJ";"RIO CLARO";"06/2020";"298.870,00";"BPC";
"RJ";"RIO CLARO";"07/2020";"299.915,00";"BPC";
"RJ";"RIO CLARO";"05/2020";"300.960,00";"BPC";
"RJ";"TRAJANO DE MORAIS";"06/2020";"302.005,09";"BPC";
"RJ";"RIO CLARO";"08/2020";"303.050,00";"BPC";
"RJ";"TRAJANO DE MORAIS";"01/2021";"303.600,50";"BPC";
"RJ";"RIO CLARO";"09/2020";"304.095,00";"BPC";
"RJ";"RIO CLARO";"10/2020";"305.140,00";"BPC";
"RJ";"RIO CLARO";"12/2020";"305.140,00";"BPC";
"RJ";"TRAJANO DE MORAIS";"04/2020";"305.140,09";"BPC";
"RJ";"TRAJANO DE MORAIS";"05/2020";"305.140,09";"BPC";
"RJ";"RIO CLARO";"11/2020";"306.223,94";"BPC";
"RJ";"PINHEIRAL";"12/2020";"322.905,75";"BPC";
"RJ";"PINHEIRAL";"11/2020";"323.999,53";"BPC";
"RJ";"RIO CLARO";"01/2021";"325.600,00";"BPC";
"RJ";"PINHEIRAL";"09/2020";"327.085,75";"BPC";
"RJ";"PINHEIRAL";"10/2020";"327.085,75";"BPC";
"RJ";"PINHEIRAL";"05/2020";"329.175,75";"BPC";
"RJ";"PINHEIRAL";"07/2020";"329.175,75";"BPC";
"RJ";"PINHEIRAL";"08/2020";"330.220,75";"BPC";
"RJ";"PINHEIRAL";"04/2020";"330.220,75";"BPC";
"RJ";"PINHEIRAL";"06/2020";"333.355,75";"BPC";
"RJ";"PINHEIRAL";"01/2021";"345.400,00";"BPC";
"RJ";"SAPUCAIA";"12/2020";"378.291,00";"BPC";
"RJ";"IGUABA GRANDE";"06/2020";"380.380,00";"BPC";
"RJ";"IGUABA GRANDE";"04/2020";"380.380,00";"BPC";
"RJ";"SAPUCAIA";"11/2020";"381.503,71";"BPC";
"RJ";"IGUABA GRANDE";"05/2020";"382.470,00";"BPC";
"RJ";"SAPUCAIA";"10/2020";"384.561,00";"BPC";
"RJ";"SAPUCAIA";"09/2020";"386.651,00";"BPC";
"RJ";"IGUABA GRANDE";"07/2020";"388.740,00";"BPC";
"RJ";"SAPUCAIA";"08/2020";"389.786,00";"BPC";
"RJ";"IGUABA GRANDE";"08/2020";"390.830,00";"BPC";
"RJ";"CARMO";"04/2020";"390.831,00";"BPC";
"RJ";"CAMBUCI";"06/2020";"391.875,00";"BPC";
"RJ";"CARMO";"05/2020";"391.876,00";"BPC";
"RJ";"IGUABA GRANDE";"09/2020";"392.920,00";"BPC";
"RJ";"SAPUCAIA";"04/2020";"392.921,00";"BPC";
"RJ";"SAPUCAIA";"07/2020";"392.921,00";"BPC";
"RJ";"SAPUCAIA";"01/2021";"393.800,00";"BPC";
"RJ";"CAMBUCI";"05/2020";"393.965,00";"BPC";
"RJ";"CARMO";"07/2020";"393.966,00";"BPC";
"RJ";"SAPUCAIA";"06/2020";"393.966,00";"BPC";
"RJ";"CAMBUCI";"04/2020";"395.010,00";"BPC";
"RJ";"CAMBUCI";"07/2020";"395.010,00";"BPC";
"RJ";"SAPUCAIA";"05/2020";"395.011,00";"BPC";
"RJ";"CARMO";"06/2020";"395.011,00";"BPC";
"RJ";"CARMO";"08/2020";"395.011,50";"BPC";
"RJ";"CARMO";"09/2020";"397.101,50";"BPC";
"RJ";"CAMBUCI";"08/2020";"398.145,00";"BPC";
"RJ";"CARMO";"10/2020";"400.236,50";"BPC";
"RJ";"CARMO";"11/2020";"400.316,84";"BPC";
"RJ";"CAMBUCI";"09/2020";"401.280,00";"BPC";
"RJ";"CAMBUCI";"10/2020";"402.325,00";"BPC";
"RJ";"IGUABA GRANDE";"10/2020";"402.325,00";"BPC";
"RJ";"CARMO";"12/2020";"404.416,50";"BPC";
"RJ";"CAMBUCI";"11/2020";"407.645,83";"BPC";
"RJ";"CAMBUCI";"12/2020";"409.640,00";"BPC";
"RJ";"IGUABA GRANDE";"11/2020";"411.802,77";"BPC";
"RJ";"IGUABA GRANDE";"12/2020";"414.865,00";"BPC";
"RJ";"CARMO";"01/2021";"423.500,37";"BPC";
"RJ";"CAMBUCI";"01/2021";"430.100,00";"BPC";
"RJ";"IGUABA GRANDE";"01/2021";"440.000,00";"BPC";
"RJ";"ITALVA";"04/2020";"455.620,50";"BPC";
"RJ";"ITALVA";"08/2020";"458.755,50";"BPC";
"RJ";"ITALVA";"05/2020";"458.755,50";"BPC";
"RJ";"ITALVA";"11/2020";"458.841,05";"BPC";
"RJ";"ITALVA";"09/2020";"459.800,50";"BPC";
"RJ";"ITALVA";"12/2020";"459.800,50";"BPC";
"RJ";"ITALVA";"06/2020";"459.800,50";"BPC";
"RJ";"ITALVA";"10/2020";"459.800,50";"BPC";
"RJ";"NATIVIDADE";"10/2020";"462.935,50";"BPC";
"RJ";"NATIVIDADE";"12/2020";"462.935,50";"BPC";
"RJ";"ITALVA";"07/2020";"462.935,50";"BPC";
"RJ";"NATIVIDADE";"09/2020";"463.980,50";"BPC";
"RJ";"NATIVIDADE";"08/2020";"463.980,75";"BPC";
"RJ";"NATIVIDADE";"07/2020";"463.980,75";"BPC";
"RJ";"NATIVIDADE";"11/2020";"464.074,07";"BPC";
"RJ";"NATIVIDADE";"06/2020";"467.115,75";"BPC";
"RJ";"NATIVIDADE";"05/2020";"468.160,75";"BPC";
"RJ";"NATIVIDADE";"04/2020";"469.205,75";"BPC";
"RJ";"MENDES";"12/2020";"469.205,95";"BPC";
"RJ";"MENDES";"07/2020";"470.250,95";"BPC";
"RJ";"MENDES";"11/2020";"470.346,83";"BPC";
"RJ";"MENDES";"10/2020";"473.385,95";"BPC";
"RJ";"MENDES";"08/2020";"473.385,95";"BPC";
"RJ";"MENDES";"09/2020";"474.430,95";"BPC";
"RJ";"MENDES";"06/2020";"475.475,95";"BPC";
"RJ";"MENDES";"05/2020";"476.520,95";"BPC";
"RJ";"MENDES";"04/2020";"479.655,95";"BPC";
"RJ";"ITALVA";"01/2021";"482.900,00";"BPC";
"RJ";"NATIVIDADE";"01/2021";"485.100,00";"BPC";
"RJ";"MENDES";"01/2021";"489.500,00";"BPC";
"RJ";"CANTAGALO";"12/2020";"492.195,75";"BPC";
"RJ";"CANTAGALO";"11/2020";"492.287,38";"BPC";
"RJ";"CANTAGALO";"04/2020";"494.285,75";"BPC";
"RJ";"CANTAGALO";"05/2020";"495.330,75";"BPC";
"RJ";"CANTAGALO";"08/2020";"496.375,75";"BPC";
"RJ";"CANTAGALO";"09/2020";"497.420,75";"BPC";
"RJ";"CANTAGALO";"10/2020";"498.465,75";"BPC";
"RJ";"CANTAGALO";"06/2020";"499.510,75";"BPC";
"RJ";"CANTAGALO";"07/2020";"499.510,75";"BPC";
"RJ";"CANTAGALO";"01/2021";"514.800,00";"BPC";
"RJ";"PORCIÚNCULA";"12/2020";"524.590,75";"BPC";
"RJ";"PORCIÚNCULA";"09/2020";"528.770,75";"BPC";
"RJ";"PORCIÚNCULA";"10/2020";"528.770,75";"BPC";
"RJ";"PORCIÚNCULA";"11/2020";"528.900,42";"BPC";
"RJ";"PORCIÚNCULA";"06/2020";"529.815,75";"BPC";
"RJ";"CORDEIRO";"06/2020";"530.860,00";"BPC";
"RJ";"PORCIÚNCULA";"08/2020";"530.860,75";"BPC";
"RJ";"PORCIÚNCULA";"04/2020";"531.905,75";"BPC";
"RJ";"PORCIÚNCULA";"07/2020";"531.905,75";"BPC";
"RJ";"PORCIÚNCULA";"05/2020";"532.950,75";"BPC";
"RJ";"CORDEIRO";"07/2020";"535.040,00";"BPC";
"RJ";"CORDEIRO";"05/2020";"535.040,00";"BPC";
"RJ";"CORDEIRO";"09/2020";"536.085,00";"BPC";
"RJ";"CORDEIRO";"04/2020";"536.085,00";"BPC";
"RJ";"CORDEIRO";"10/2020";"536.085,00";"BPC";
"RJ";"CORDEIRO";"08/2020";"537.130,00";"BPC";
"RJ";"CORDEIRO";"12/2020";"539.220,00";"BPC";
"RJ";"CORDEIRO";"11/2020";"541.407,58";"BPC";
"RJ";"CARDOSO MOREIRA";"12/2020";"542.355,50";"BPC";
"RJ";"CARDOSO MOREIRA";"11/2020";"544.554,43";"BPC";
"RJ";"CARDOSO MOREIRA";"10/2020";"547.580,00";"BPC";
"RJ";"CARDOSO MOREIRA";"09/2020";"549.670,00";"BPC";
"RJ";"PORCIÚNCULA";"01/2021";"550.000,00";"BPC";
"RJ";"CARDOSO MOREIRA";"08/2020";"552.805,00";"BPC";
"RJ";"CARDOSO MOREIRA";"07/2020";"553.850,00";"BPC";
"RJ";"CARDOSO MOREIRA";"05/2020";"553.850,00";"BPC";
"RJ";"CARDOSO MOREIRA";"06/2020";"554.895,00";"BPC";
"RJ";"CARDOSO MOREIRA";"04/2020";"555.940,00";"BPC";
"RJ";"CARDOSO MOREIRA";"01/2021";"563.200,00";"BPC";
"RJ";"CORDEIRO";"01/2021";"567.600,00";"BPC";
"RJ";"ITATIAIA";"04/2020";"592.515,00";"BPC";
"RJ";"ITATIAIA";"05/2020";"593.560,00";"BPC";
"RJ";"ARRAIAL DO CABO";"04/2020";"593.560,00";"BPC";
"RJ";"ITATIAIA";"12/2020";"593.560,00";"BPC";
"RJ";"ARRAIAL DO CABO";"05/2020";"594.605,00";"BPC";
"RJ";"ITATIAIA";"11/2020";"594.711,24";"BPC";
"RJ";"ARRAIAL DO CABO";"06/2020";"595.650,00";"BPC";
"RJ";"ARRAIAL DO CABO";"07/2020";"595.650,00";"BPC";
"RJ";"ITATIAIA";"10/2020";"595.650,00";"BPC";
"RJ";"ITATIAIA";"06/2020";"595.650,00";"BPC";
"RJ";"ARRAIAL DO CABO";"08/2020";"598.785,00";"BPC";
"RJ";"ITATIAIA";"09/2020";"598.785,00";"BPC";
"RJ";"ITATIAIA";"07/2020";"599.830,00";"BPC";
"RJ";"ITATIAIA";"08/2020";"600.875,00";"BPC";
"RJ";"ARRAIAL DO CABO";"09/2020";"600.875,00";"BPC";
"RJ";"ARRAIAL DO CABO";"10/2020";"604.010,00";"BPC";
"RJ";"ARRAIAL DO CABO";"11/2020";"608.324,10";"BPC";
"RJ";"ARRAIAL DO CABO";"12/2020";"611.325,94";"BPC";
"RJ";"MANGARATIBA";"04/2020";"613.415,00";"BPC";
"RJ";"MANGARATIBA";"10/2020";"617.595,00";"BPC";
"RJ";"MANGARATIBA";"05/2020";"618.640,00";"BPC";
"RJ";"QUISSAMÃ";"04/2020";"619.686,50";"BPC";
"RJ";"MANGARATIBA";"06/2020";"621.775,00";"BPC";
"RJ";"MANGARATIBA";"07/2020";"622.820,00";"BPC";
"RJ";"ITATIAIA";"01/2021";"623.700,00";"BPC";
"RJ";"MANGARATIBA";"11/2020";"626.066,09";"BPC";
"RJ";"ARMAÇÃO DOS BÚZIOS";"04/2020";"628.045,00";"BPC";
"RJ";"QUISSAMÃ";"05/2020";"628.046,50";"BPC";
"RJ";"MANGARATIBA";"08/2020";"629.090,00";"BPC";
"RJ";"ARMAÇÃO DOS BÚZIOS";"05/2020";"630.135,00";"BPC";
"RJ";"QUISSAMÃ";"06/2020";"630.136,50";"BPC";
"RJ";"QUISSAMÃ";"08/2020";"631.181,50";"BPC";
"RJ";"QUISSAMÃ";"07/2020";"632.226,50";"BPC";
"RJ";"QUISSAMÃ";"10/2020";"632.226,50";"BPC";
"RJ";"ARMAÇÃO DOS BÚZIOS";"07/2020";"633.270,00";"BPC";
"RJ";"QUISSAMÃ";"09/2020";"634.316,50";"BPC";
"RJ";"QUISSAMÃ";"11/2020";"635.493,75";"BPC";
"RJ";"ARMAÇÃO DOS BÚZIOS";"06/2020";"636.405,00";"BPC";
"RJ";"ARMAÇÃO DOS BÚZIOS";"08/2020";"636.405,00";"BPC";
"RJ";"MANGARATIBA";"09/2020";"637.450,00";"BPC";
"RJ";"CONCEIÇÃO DE MACABU";"12/2020";"637.450,00";"BPC";
"RJ";"MANGARATIBA";"12/2020";"637.451,00";"BPC";
"RJ";"CONCEIÇÃO DE MACABU";"10/2020";"638.495,00";"BPC";
"RJ";"CONCEIÇÃO DE MACABU";"09/2020";"638.495,00";"BPC";
"RJ";"CONCEIÇÃO DE MACABU";"11/2020";"638.590,76";"BPC";
"RJ";"CONCEIÇÃO DE MACABU";"06/2020";"639.540,00";"BPC";
"RJ";"CONCEIÇÃO DE MACABU";"07/2020";"639.540,00";"BPC";
"RJ";"CONCEIÇÃO DE MACABU";"04/2020";"639.540,00";"BPC";
"RJ";"CONCEIÇÃO DE MACABU";"08/2020";"640.585,00";"BPC";
"RJ";"QUISSAMÃ";"12/2020";"641.631,50";"BPC";
"RJ";"CONCEIÇÃO DE MACABU";"05/2020";"643.720,00";"BPC";
"RJ";"ARRAIAL DO CABO";"01/2021";"644.600,00";"BPC";
"RJ";"ARMAÇÃO DOS BÚZIOS";"09/2020";"645.810,00";"BPC";
"RJ";"PATY DO ALFERES";"09/2020";"659.395,00";"BPC";
"RJ";"PATY DO ALFERES";"12/2020";"660.440,00";"BPC";
"RJ";"PATY DO ALFERES";"10/2020";"661.485,00";"BPC";
"RJ";"PATY DO ALFERES";"08/2020";"661.485,25";"BPC";
"RJ";"PATY DO ALFERES";"11/2020";"663.660,76";"BPC";
"RJ";"PATY DO ALFERES";"04/2020";"664.620,25";"BPC";
"RJ";"PATY DO ALFERES";"06/2020";"664.620,25";"BPC";
"RJ";"PATY DO ALFERES";"07/2020";"664.620,25";"BPC";
"RJ";"ARMAÇÃO DOS BÚZIOS";"10/2020";"667.755,00";"BPC";
"RJ";"PATY DO ALFERES";"05/2020";"667.755,25";"BPC";
"RJ";"CONCEIÇÃO DE MACABU";"01/2021";"668.800,00";"BPC";
"RJ";"MIGUEL PEREIRA";"04/2020";"668.800,25";"BPC";
"RJ";"MANGARATIBA";"01/2021";"669.900,00";"BPC";
"RJ";"QUISSAMÃ";"01/2021";"672.100,00";"BPC";
"RJ";"MIGUEL PEREIRA";"07/2020";"676.115,77";"BPC";
"RJ";"MIGUEL PEREIRA";"05/2020";"677.160,25";"BPC";
"RJ";"MIGUEL PEREIRA";"06/2020";"679.250,25";"BPC";
"RJ";"MIGUEL PEREIRA";"08/2020";"681.340,75";"BPC";
"RJ";"MIGUEL PEREIRA";"09/2020";"682.385,75";"BPC";
"RJ";"MIGUEL PEREIRA";"10/2020";"686.565,75";"BPC";
"RJ";"MIGUEL PEREIRA";"12/2020";"688.655,75";"BPC";
"RJ";"MIGUEL PEREIRA";"11/2020";"688.771,16";"BPC";
"RJ";"ARMAÇÃO DOS BÚZIOS";"11/2020";"688.773,99";"BPC";
"RJ";"PATY DO ALFERES";"01/2021";"693.000,00";"BPC";
"RJ";"ARMAÇÃO DOS BÚZIOS";"12/2020";"709.555,00";"BPC";
"RJ";"SILVA JARDIM";"04/2020";"717.915,00";"BPC";
"RJ";"MIGUEL PEREIRA";"01/2021";"723.800,00";"BPC";
"RJ";"SILVA JARDIM";"05/2020";"724.185,00";"BPC";
"RJ";"ARMAÇÃO DOS BÚZIOS";"01/2021";"726.000,00";"BPC";
"RJ";"SILVA JARDIM";"09/2020";"726.275,00";"BPC";
"RJ";"SILVA JARDIM";"08/2020";"727.320,00";"BPC";
"RJ";"SILVA JARDIM";"06/2020";"728.365,00";"BPC";
"RJ";"SILVA JARDIM";"12/2020";"729.410,00";"BPC";
"RJ";"SILVA JARDIM";"10/2020";"730.455,00";"BPC";
"RJ";"SILVA JARDIM";"07/2020";"731.500,00";"BPC";
"RJ";"SILVA JARDIM";"11/2020";"732.745,16";"BPC";
"RJ";"PIRAÍ";"05/2020";"742.995,00";"BPC";
"RJ";"PIRAÍ";"07/2020";"744.040,00";"BPC";
"RJ";"PIRAÍ";"09/2020";"745.085,00";"BPC";
"RJ";"PIRAÍ";"06/2020";"746.130,00";"BPC";
"RJ";"PIRAÍ";"08/2020";"746.130,00";"BPC";
"RJ";"PIRAÍ";"04/2020";"746.130,00";"BPC";
"RJ";"PIRAÍ";"12/2020";"748.220,50";"BPC";
"RJ";"PIRAÍ";"11/2020";"748.368,17";"BPC";
"RJ";"PIRAÍ";"10/2020";"749.265,00";"BPC";
"RJ";"SILVA JARDIM";"01/2021";"767.800,00";"BPC";
"RJ";"PIRAÍ";"01/2021";"779.900,00";"BPC";
"RJ";"MIRACEMA";"09/2020";"793.277,22";"BPC";
"RJ";"MIRACEMA";"04/2020";"795.245,75";"BPC";
"RJ";"MIRACEMA";"05/2020";"796.290,75";"BPC";
"RJ";"MIRACEMA";"10/2020";"798.501,47";"BPC";
"RJ";"MIRACEMA";"11/2020";"798.671,80";"BPC";
"RJ";"MIRACEMA";"07/2020";"799.547,22";"BPC";
"RJ";"MIRACEMA";"06/2020";"800.470,75";"BPC";
"RJ";"MIRACEMA";"08/2020";"800.592,22";"BPC";
"RJ";"MIRACEMA";"12/2020";"801.636,47";"BPC";
"RJ";"TANGUÁ";"07/2020";"817.191,66";"BPC";
"RJ";"TANGUÁ";"08/2020";"820.326,25";"BPC";
"RJ";"TANGUÁ";"06/2020";"823.462,25";"BPC";
"RJ";"TANGUÁ";"09/2020";"824.506,25";"BPC";
"RJ";"TANGUÁ";"12/2020";"826.596,25";"BPC";
"RJ";"TANGUÁ";"05/2020";"826.597,25";"BPC";
"RJ";"TANGUÁ";"04/2020";"827.642,25";"BPC";
"RJ";"TANGUÁ";"10/2020";"829.731,25";"BPC";
"RJ";"TANGUÁ";"11/2020";"829.934,24";"BPC";
"RJ";"SEROPÉDICA";"10/2020";"831.820,00";"BPC";
"RJ";"SÃO JOSÉ DO VALE DO RIO PRETO";"12/2020";"831.821,75";"BPC";
"RJ";"SÃO JOSÉ DO VALE DO RIO PRETO";"11/2020";"834.145,99";"BPC";
"RJ";"SEROPÉDICA";"07/2020";"834.955,00";"BPC";
"RJ";"SÃO JOSÉ DO VALE DO RIO PRETO";"10/2020";"834.956,75";"BPC";
"RJ";"SEROPÉDICA";"12/2020";"836.000,00";"BPC";
"RJ";"SEROPÉDICA";"09/2020";"838.090,00";"BPC";
"RJ";"SEROPÉDICA";"11/2020";"838.226,89";"BPC";
"RJ";"SEROPÉDICA";"08/2020";"840.180,00";"BPC";
"RJ";"SEROPÉDICA";"06/2020";"843.315,00";"BPC";
"RJ";"SÃO JOSÉ DO VALE DO RIO PRETO";"09/2020";"843.316,75";"BPC";
"RJ";"SEROPÉDICA";"05/2020";"844.360,00";"BPC";
"RJ";"SÃO FIDÉLIS";"08/2020";"845.405,00";"BPC";
"RJ";"MIRACEMA";"01/2021";"845.475,60";"BPC";
"RJ";"SÃO FIDÉLIS";"06/2020";"847.495,00";"BPC";
"RJ";"SÃO FIDÉLIS";"09/2020";"848.540,00";"BPC";
"RJ";"SEROPÉDICA";"04/2020";"848.540,00";"BPC";
"RJ";"SÃO FIDÉLIS";"04/2020";"848.540,00";"BPC";
"RJ";"SÃO FIDÉLIS";"07/2020";"849.585,00";"BPC";
"RJ";"SÃO FIDÉLIS";"10/2020";"849.585,00";"BPC";
"RJ";"SÃO FIDÉLIS";"05/2020";"849.585,00";"BPC";
"RJ";"SÃO JOSÉ DO VALE DO RIO PRETO";"08/2020";"850.631,75";"BPC";
"RJ";"SÃO JOSÉ DO VALE DO RIO PRETO";"07/2020";"852.721,75";"BPC";
"RJ";"SÃO FIDÉLIS";"11/2020";"853.939,70";"BPC";
"RJ";"SÃO JOSÉ DO VALE DO RIO PRETO";"05/2020";"856.901,75";"BPC";
"RJ";"SÃO JOSÉ DO VALE DO RIO PRETO";"04/2020";"856.901,75";"BPC";
"RJ";"SÃO JOSÉ DO VALE DO RIO PRETO";"06/2020";"860.036,75";"BPC";
"RJ";"SÃO FIDÉLIS";"12/2020";"862.125,50";"BPC";
"RJ";"SÃO JOSÉ DO VALE DO RIO PRETO";"01/2021";"862.400,00";"BPC";
"RJ";"TANGUÁ";"01/2021";"876.700,00";"BPC";
"RJ";"SEROPÉDICA";"01/2021";"880.000,00";"BPC";
"RJ";"SÃO FIDÉLIS";"01/2021";"904.200,00";"BPC";
"RJ";"BOM JARDIM";"12/2020";"917.510,00";"BPC";
"RJ";"PARATY";"08/2020";"924.825,01";"BPC";
"RJ";"BOM JARDIM";"11/2020";"924.998,83";"BPC";
"RJ";"BOM JARDIM";"10/2020";"925.870,00";"BPC";
"RJ";"BOM JARDIM";"04/2020";"926.915,00";"BPC";
"RJ";"PARATY";"07/2020";"926.915,01";"BPC";
"RJ";"BOM JARDIM";"06/2020";"927.960,00";"BPC";
"RJ";"BOM JARDIM";"05/2020";"927.960,00";"BPC";
"RJ";"BOM JARDIM";"07/2020";"929.005,00";"BPC";
"RJ";"PARATY";"04/2020";"929.005,01";"BPC";
"RJ";"PARATY";"09/2020";"929.005,01";"BPC";
"RJ";"BOM JARDIM";"09/2020";"930.050,00";"BPC";
"RJ";"PARATY";"05/2020";"931.095,01";"BPC";
"RJ";"BOM JARDIM";"08/2020";"933.185,00";"BPC";
"RJ";"PARATY";"06/2020";"933.185,01";"BPC";
"RJ";"PARATY";"10/2020";"934.230,01";"BPC";
"RJ";"PARATY";"12/2020";"941.545,01";"BPC";
"RJ";"PARATY";"11/2020";"941.710,66";"BPC";
"RJ";"BOM JARDIM";"01/2021";"966.900,00";"BPC";
"RJ";"ITAOCARA";"12/2020";"991.706,00";"BPC";
"RJ";"GUAPIMIRIM";"08/2020";"999.020,00";"BPC";
"RJ";"GUAPIMIRIM";"09/2020";"999.020,00";"BPC";
"RJ";"PARATY";"01/2021";"999.900,01";"BPC";
"RJ";"GUAPIMIRIM";"04/2020";"1.000.065,00";"BPC";
"RJ";"ITAOCARA";"11/2020";"1.001.318,46";"BPC";
"RJ";"GUAPIMIRIM";"05/2020";"1.002.155,00";"BPC";
"RJ";"ITAOCARA";"10/2020";"1.002.156,00";"BPC";
"RJ";"GUAPIMIRIM";"07/2020";"1.003.200,00";"BPC";
"RJ";"GUAPIMIRIM";"06/2020";"1.004.245,00";"BPC";
"RJ";"GUAPIMIRIM";"10/2020";"1.005.290,00";"BPC";
"RJ";"ITAOCARA";"09/2020";"1.009.471,00";"BPC";
"RJ";"GUAPIMIRIM";"11/2020";"1.013.920,31";"BPC";
"RJ";"GUAPIMIRIM";"12/2020";"1.016.785,50";"BPC";
"RJ";"ITAOCARA";"08/2020";"1.018.876,00";"BPC";
"RJ";"ITAOCARA";"07/2020";"1.024.101,00";"BPC";
"RJ";"ITAOCARA";"05/2020";"1.027.236,00";"BPC";
"RJ";"ITAOCARA";"06/2020";"1.028.281,00";"BPC";
"RJ";"ITAOCARA";"04/2020";"1.031.416,00";"BPC";
"RJ";"ITAOCARA";"01/2021";"1.040.600,00";"BPC";
"RJ";"BOM JESUS DO ITABAPOANA";"07/2020";"1.049.180,50";"BPC";
"RJ";"BOM JESUS DO ITABAPOANA";"08/2020";"1.050.225,50";"BPC";
"RJ";"BOM JESUS DO ITABAPOANA";"04/2020";"1.050.226,25";"BPC";
"RJ";"BOM JESUS DO ITABAPOANA";"06/2020";"1.053.361,25";"BPC";
"RJ";"BOM JESUS DO ITABAPOANA";"10/2020";"1.055.451,25";"BPC";
"RJ";"BOM JESUS DO ITABAPOANA";"05/2020";"1.055.451,25";"BPC";
"RJ";"BOM JESUS DO ITABAPOANA";"09/2020";"1.056.495,50";"BPC";
"RJ";"PARAÍBA DO SUL";"11/2020";"1.058.837,05";"BPC";
"RJ";"BOM JESUS DO ITABAPOANA";"11/2020";"1.061.937,44";"BPC";
"RJ";"BOM JESUS DO ITABAPOANA";"12/2020";"1.064.856,25";"BPC";
"RJ";"PARAÍBA DO SUL";"10/2020";"1.064.857,00";"BPC";
"RJ";"PARAÍBA DO SUL";"12/2020";"1.067.992,00";"BPC";
"RJ";"PARAÍBA DO SUL";"09/2020";"1.070.082,00";"BPC";
"RJ";"PARAÍBA DO SUL";"08/2020";"1.071.127,00";"BPC";
"RJ";"PARAÍBA DO SUL";"07/2020";"1.073.217,00";"BPC";
"RJ";"PARAÍBA DO SUL";"06/2020";"1.076.352,00";"BPC";
"RJ";"PARAÍBA DO SUL";"04/2020";"1.077.397,00";"BPC";
"RJ";"GUAPIMIRIM";"01/2021";"1.079.100,00";"BPC";
"RJ";"PARAÍBA DO SUL";"05/2020";"1.087.847,00";"BPC";
"RJ";"VASSOURAS";"08/2020";"1.115.015,00";"BPC";
"RJ";"VASSOURAS";"10/2020";"1.119.195,00";"BPC";
"RJ";"BOM JESUS DO ITABAPOANA";"01/2021";"1.119.800,00";"BPC";
"RJ";"VASSOURAS";"07/2020";"1.120.240,00";"BPC";
"RJ";"VASSOURAS";"09/2020";"1.120.240,00";"BPC";
"RJ";"PARAÍBA DO SUL";"01/2021";"1.120.900,00";"BPC";
"RJ";"VASSOURAS";"06/2020";"1.123.375,00";"BPC";
"RJ";"VASSOURAS";"04/2020";"1.123.375,00";"BPC";
"RJ";"VASSOURAS";"05/2020";"1.125.465,00";"BPC";
"RJ";"VASSOURAS";"11/2020";"1.134.138,35";"BPC";
"RJ";"VASSOURAS";"12/2020";"1.134.870,00";"BPC";
"RJ";"VASSOURAS";"01/2021";"1.205.600,00";"BPC";
"RJ";"TRÊS RIOS";"04/2020";"1.235.191,00";"BPC";
"RJ";"TRÊS RIOS";"09/2020";"1.240.416,00";"BPC";
"RJ";"TRÊS RIOS";"10/2020";"1.242.506,00";"BPC";
"RJ";"TRÊS RIOS";"08/2020";"1.242.506,00";"BPC";
"RJ";"TRÊS RIOS";"07/2020";"1.243.551,00";"BPC";
"RJ";"TRÊS RIOS";"06/2020";"1.244.596,00";"BPC";
"RJ";"TRÊS RIOS";"11/2020";"1.244.860,50";"BPC";
"RJ";"TRÊS RIOS";"12/2020";"1.245.641,00";"BPC";
"RJ";"TRÊS RIOS";"05/2020";"1.247.731,00";"BPC";
"RJ";"SANTO ANTÔNIO DE PÁDUA";"10/2020";"1.276.993,50";"BPC";
"RJ";"SANTO ANTÔNIO DE PÁDUA";"11/2020";"1.277.236,55";"BPC";
"RJ";"SANTO ANTÔNIO DE PÁDUA";"12/2020";"1.278.039,00";"BPC";
"RJ";"SANTO ANTÔNIO DE PÁDUA";"07/2020";"1.281.173,25";"BPC";
"RJ";"SANTO ANTÔNIO DE PÁDUA";"09/2020";"1.281.173,25";"BPC";
"RJ";"SANTO ANTÔNIO DE PÁDUA";"04/2020";"1.283.263,75";"BPC";
"RJ";"SANTO ANTÔNIO DE PÁDUA";"06/2020";"1.285.353,75";"BPC";
"RJ";"SANTO ANTÔNIO DE PÁDUA";"08/2020";"1.286.398,25";"BPC";
"RJ";"SANTO ANTÔNIO DE PÁDUA";"05/2020";"1.292.668,75";"BPC";
"RJ";"TRÊS RIOS";"01/2021";"1.304.600,00";"BPC";
"RJ";"SANTO ANTÔNIO DE PÁDUA";"01/2021";"1.333.200,00";"BPC";
"RJ";"SÃO JOÃO DA BARRA";"11/2020";"1.480.047,89";"BPC";
"RJ";"SÃO JOÃO DA BARRA";"10/2020";"1.481.810,14";"BPC";
"RJ";"SÃO JOÃO DA BARRA";"07/2020";"1.481.810,14";"BPC";
"RJ";"SÃO JOÃO DA BARRA";"08/2020";"1.482.855,14";"BPC";
"RJ";"SÃO JOÃO DA BARRA";"09/2020";"1.483.900,14";"BPC";
"RJ";"SÃO JOÃO DA BARRA";"12/2020";"1.484.945,14";"BPC";
"RJ";"SÃO JOÃO DA BARRA";"06/2020";"1.487.035,14";"BPC";
"RJ";"SÃO JOÃO DA BARRA";"04/2020";"1.488.080,14";"BPC";
"RJ";"SÃO JOÃO DA BARRA";"05/2020";"1.490.170,14";"BPC";
"RJ";"SÃO JOÃO DA BARRA";"01/2021";"1.552.100,00";"BPC";
"RJ";"SÃO FRANCISCO DE ITABAPOANA";"04/2020";"1.578.995,00";"BPC";
"RJ";"SÃO FRANCISCO DE ITABAPOANA";"09/2020";"1.583.175,00";"BPC";
"RJ";"SÃO FRANCISCO DE ITABAPOANA";"08/2020";"1.584.220,00";"BPC";
"RJ";"SÃO FRANCISCO DE ITABAPOANA";"06/2020";"1.586.310,00";"BPC";
"RJ";"SÃO FRANCISCO DE ITABAPOANA";"07/2020";"1.586.310,00";"BPC";
"RJ";"SÃO FRANCISCO DE ITABAPOANA";"05/2020";"1.595.715,00";"BPC";
"RJ";"SÃO FRANCISCO DE ITABAPOANA";"10/2020";"1.597.805,00";"BPC";
"RJ";"CASIMIRO DE ABREU";"05/2020";"1.601.985,00";"BPC";
"RJ";"CASIMIRO DE ABREU";"07/2020";"1.605.120,00";"BPC";
"RJ";"CASIMIRO DE ABREU";"04/2020";"1.606.165,00";"BPC";
"RJ";"CASIMIRO DE ABREU";"06/2020";"1.606.165,00";"BPC";
"RJ";"CASIMIRO DE ABREU";"08/2020";"1.607.210,00";"BPC";
"RJ";"CASIMIRO DE ABREU";"09/2020";"1.611.390,00";"BPC";
"RJ";"SÃO FRANCISCO DE ITABAPOANA";"11/2020";"1.613.818,13";"BPC";
"RJ";"CASIMIRO DE ABREU";"10/2020";"1.617.660,00";"BPC";
"RJ";"CASIMIRO DE ABREU";"11/2020";"1.629.636,83";"BPC";
"RJ";"SÃO FRANCISCO DE ITABAPOANA";"12/2020";"1.633.335,00";"BPC";
"RJ";"CASIMIRO DE ABREU";"12/2020";"1.639.605,00";"BPC";
"RJ";"VALENÇA";"12/2020";"1.649.013,25";"BPC";
"RJ";"VALENÇA";"09/2020";"1.650.057,75";"BPC";
"RJ";"VALENÇA";"10/2020";"1.650.059,00";"BPC";
"RJ";"CACHOEIRAS DE MACACU";"10/2020";"1.654.235,75";"BPC";
"RJ";"VALENÇA";"11/2020";"1.654.530,53";"BPC";
"RJ";"CACHOEIRAS DE MACACU";"12/2020";"1.655.280,75";"BPC";
"RJ";"CACHOEIRAS DE MACACU";"09/2020";"1.657.370,75";"BPC";
"RJ";"CACHOEIRAS DE MACACU";"08/2020";"1.657.370,75";"BPC";
"RJ";"VALENÇA";"08/2020";"1.659.462,75";"BPC";
"RJ";"CACHOEIRAS DE MACACU";"07/2020";"1.660.505,75";"BPC";
"RJ";"CACHOEIRAS DE MACACU";"11/2020";"1.660.844,16";"BPC";
"RJ";"CACHOEIRAS DE MACACU";"04/2020";"1.663.641,29";"BPC";
"RJ";"CACHOEIRAS DE MACACU";"06/2020";"1.665.730,75";"BPC";
"RJ";"CACHOEIRAS DE MACACU";"05/2020";"1.666.775,75";"BPC";
"RJ";"VALENÇA";"06/2020";"1.666.778,50";"BPC";
"RJ";"VALENÇA";"05/2020";"1.666.778,50";"BPC";
"RJ";"VALENÇA";"07/2020";"1.669.912,75";"BPC";
"RJ";"VALENÇA";"04/2020";"1.672.004,25";"BPC";
"RJ";"CASIMIRO DE ABREU";"01/2021";"1.719.300,00";"BPC";
"RJ";"SÃO FRANCISCO DE ITABAPOANA";"01/2021";"1.724.800,00";"BPC";
"RJ";"VALENÇA";"01/2021";"1.728.100,00";"BPC";
"RJ";"CACHOEIRAS DE MACACU";"01/2021";"1.734.700,00";"BPC";
"RJ";"RIO BONITO";"12/2020";"1.848.608,50";"BPC";
"RJ";"RIO BONITO";"11/2020";"1.852.145,69";"BPC";
"RJ";"RIO BONITO";"08/2020";"1.854.878,50";"BPC";
"RJ";"RIO BONITO";"10/2020";"1.859.058,50";"BPC";
"RJ";"RIO BONITO";"09/2020";"1.862.193,50";"BPC";
"RJ";"RIO BONITO";"07/2020";"1.863.238,50";"BPC";
"RJ";"RIO BONITO";"04/2020";"1.866.373,50";"BPC";
"RJ";"RIO BONITO";"05/2020";"1.869.508,50";"BPC";
"RJ";"RIO BONITO";"06/2020";"1.872.643,50";"BPC";
"RJ";"RIO BONITO";"01/2021";"1.941.500,00";"BPC";
"RJ";"BARRA DO PIRAÍ";"12/2020";"1.972.960,62";"BPC";
"RJ";"BARRA DO PIRAÍ";"11/2020";"1.991.099,22";"BPC";
"RJ";"BARRA DO PIRAÍ";"10/2020";"1.992.815,62";"BPC";
"RJ";"BARRA DO PIRAÍ";"09/2020";"1.995.950,62";"BPC";
"RJ";"BARRA DO PIRAÍ";"08/2020";"1.998.040,62";"BPC";
"RJ";"BARRA DO PIRAÍ";"07/2020";"1.999.086,27";"BPC";
"RJ";"BARRA DO PIRAÍ";"04/2020";"2.003.265,62";"BPC";
"RJ";"BARRA DO PIRAÍ";"05/2020";"2.007.446,12";"BPC";
"RJ";"BARRA DO PIRAÍ";"06/2020";"2.010.581,12";"BPC";
"RJ";"BARRA DO PIRAÍ";"01/2021";"2.068.000,50";"BPC";
"RJ";"RIO DAS OSTRAS";"04/2020";"2.097.315,50";"BPC";
"RJ";"RIO DAS OSTRAS";"05/2020";"2.114.035,50";"BPC";
"RJ";"RIO DAS OSTRAS";"06/2020";"2.127.620,50";"BPC";
"RJ";"RIO DAS OSTRAS";"08/2020";"2.131.800,50";"BPC";
"RJ";"RIO DAS OSTRAS";"09/2020";"2.137.025,50";"BPC";
"RJ";"RIO DAS OSTRAS";"07/2020";"2.138.070,50";"BPC";
"RJ";"RIO DAS OSTRAS";"10/2020";"2.145.385,50";"BPC";
"RJ";"RIO DAS OSTRAS";"11/2020";"2.165.647,00";"BPC";
"RJ";"RIO DAS OSTRAS";"12/2020";"2.184.051,00";"BPC";
"RJ";"RIO DAS OSTRAS";"01/2021";"2.297.900,00";"BPC";
"RJ";"RESENDE";"05/2020";"2.313.632,05";"BPC";
"RJ";"RESENDE";"04/2020";"2.316.767,05";"BPC";
"RJ";"PARACAMBI";"12/2020";"2.317.811,50";"BPC";
"RJ";"RESENDE";"10/2020";"2.317.812,05";"BPC";
"RJ";"RESENDE";"11/2020";"2.320.275,07";"BPC";
"RJ";"RESENDE";"12/2020";"2.320.947,05";"BPC";
"RJ";"RESENDE";"09/2020";"2.324.082,05";"BPC";
"RJ";"RESENDE";"06/2020";"2.325.127,05";"BPC";
"RJ";"RESENDE";"08/2020";"2.325.127,05";"BPC";
"RJ";"PARACAMBI";"09/2020";"2.328.261,00";"BPC";
"RJ";"PARACAMBI";"11/2020";"2.328.875,11";"BPC";
"RJ";"RESENDE";"07/2020";"2.332.442,05";"BPC";
"RJ";"PARACAMBI";"10/2020";"2.333.486,50";"BPC";
"RJ";"PARACAMBI";"08/2020";"2.344.981,00";"BPC";
"RJ";"PARACAMBI";"07/2020";"2.352.296,00";"BPC";
"RJ";"PARACAMBI";"06/2020";"2.370.061,55";"BPC";
"RJ";"PARACAMBI";"05/2020";"2.382.601,50";"BPC";
"RJ";"PARACAMBI";"04/2020";"2.387.826,50";"BPC";
"RJ";"PARACAMBI";"01/2021";"2.417.800,00";"BPC";
"RJ";"RESENDE";"01/2021";"2.440.900,00";"BPC";
"RJ";"JAPERI";"04/2020";"2.530.990,25";"BPC";
"RJ";"JAPERI";"05/2020";"2.532.035,25";"BPC";
"RJ";"JAPERI";"10/2020";"2.535.170,25";"BPC";
"RJ";"JAPERI";"08/2020";"2.535.170,25";"BPC";
"RJ";"JAPERI";"09/2020";"2.536.215,25";"BPC";
"RJ";"JAPERI";"07/2020";"2.540.395,25";"BPC";
"RJ";"BARRA MANSA";"08/2020";"2.541.440,50";"BPC";
"RJ";"JAPERI";"11/2020";"2.542.011,45";"BPC";
"RJ";"JAPERI";"12/2020";"2.542.485,25";"BPC";
"RJ";"BARRA MANSA";"09/2020";"2.543.530,50";"BPC";
"RJ";"JAPERI";"06/2020";"2.545.620,25";"BPC";
"RJ";"BARRA MANSA";"10/2020";"2.545.620,50";"BPC";
"RJ";"BARRA MANSA";"12/2020";"2.545.620,50";"BPC";
"RJ";"BARRA MANSA";"04/2020";"2.545.621,00";"BPC";
"RJ";"BARRA MANSA";"07/2020";"2.547.710,50";"BPC";
"RJ";"BARRA MANSA";"11/2020";"2.551.364,92";"BPC";
"RJ";"BARRA MANSA";"05/2020";"2.552.936,00";"BPC";
"RJ";"BARRA MANSA";"06/2020";"2.553.981,00";"BPC";
"RJ";"SÃO PEDRO DA ALDEIA";"08/2020";"2.594.735,35";"BPC";
"RJ";"SÃO PEDRO DA ALDEIA";"07/2020";"2.598.915,35";"BPC";
"RJ";"SÃO PEDRO DA ALDEIA";"04/2020";"2.601.005,35";"BPC";
"RJ";"SÃO PEDRO DA ALDEIA";"09/2020";"2.605.185,35";"BPC";
"RJ";"SÃO PEDRO DA ALDEIA";"10/2020";"2.605.185,35";"BPC";
"RJ";"SÃO PEDRO DA ALDEIA";"05/2020";"2.612.500,35";"BPC";
"RJ";"SÃO PEDRO DA ALDEIA";"06/2020";"2.614.590,35";"BPC";
"RJ";"SÃO PEDRO DA ALDEIA";"11/2020";"2.623.620,44";"BPC";
"RJ";"SÃO PEDRO DA ALDEIA";"12/2020";"2.635.490,35";"BPC";
"RJ";"BARRA MANSA";"01/2021";"2.667.500,00";"BPC";
"RJ";"JAPERI";"01/2021";"2.668.600,00";"BPC";
"RJ";"SÃO PEDRO DA ALDEIA";"01/2021";"2.759.900,00";"BPC";
"RJ";"ITAPERUNA";"04/2020";"2.769.250,70";"BPC";
"RJ";"ITAPERUNA";"07/2020";"2.770.295,70";"BPC";
"RJ";"ITAPERUNA";"05/2020";"2.773.430,70";"BPC";
"RJ";"ITAPERUNA";"08/2020";"2.777.610,70";"BPC";
"RJ";"NOVA FRIBURGO";"12/2020";"2.779.700,00";"BPC";
"RJ";"ITAPERUNA";"06/2020";"2.779.700,70";"BPC";
"RJ";"NOVA FRIBURGO";"11/2020";"2.780.228,99";"BPC";
"RJ";"NOVA FRIBURGO";"10/2020";"2.784.925,00";"BPC";
"RJ";"ITAPERUNA";"09/2020";"2.789.106,70";"BPC";
"RJ";"NOVA FRIBURGO";"09/2020";"2.790.150,00";"BPC";
"RJ";"NOVA FRIBURGO";"08/2020";"2.792.240,00";"BPC";
"RJ";"ITAPERUNA";"10/2020";"2.795.376,70";"BPC";
"RJ";"NOVA FRIBURGO";"07/2020";"2.803.735,88";"BPC";
"RJ";"ITAPERUNA";"12/2020";"2.806.870,70";"BPC";
"RJ";"ITAPERUNA";"11/2020";"2.808.584,16";"BPC";
"RJ";"NOVA FRIBURGO";"05/2020";"2.814.185,50";"BPC";
"RJ";"NOVA FRIBURGO";"06/2020";"2.814.185,50";"BPC";
"RJ";"NOVA FRIBURGO";"04/2020";"2.814.185,50";"BPC";
"RJ";"NOVA FRIBURGO";"01/2021";"2.922.700,00";"BPC";
"RJ";"ITAPERUNA";"01/2021";"2.949.100,00";"BPC";
"RJ";"SAQUAREMA";"05/2020";"3.022.141,70";"BPC";
"RJ";"SAQUAREMA";"04/2020";"3.029.456,70";"BPC";
"RJ";"SAQUAREMA";"08/2020";"3.033.637,20";"BPC";
"RJ";"SAQUAREMA";"07/2020";"3.037.817,20";"BPC";
"RJ";"SAQUAREMA";"06/2020";"3.039.906,70";"BPC";
"RJ";"SAQUAREMA";"09/2020";"3.040.952,20";"BPC";
"RJ";"SAQUAREMA";"10/2020";"3.048.267,13";"BPC";
"RJ";"SAQUAREMA";"12/2020";"3.091.111,24";"BPC";
"RJ";"SAQUAREMA";"11/2020";"3.104.348,81";"BPC";
"RJ";"ANGRA DOS REIS";"12/2020";"3.221.737,50";"BPC";
"RJ";"ANGRA DOS REIS";"10/2020";"3.224.872,50";"BPC";
"RJ";"ANGRA DOS REIS";"11/2020";"3.233.973,57";"BPC";
"RJ";"SAQUAREMA";"01/2021";"3.236.200,00";"BPC";
"RJ";"ANGRA DOS REIS";"09/2020";"3.242.637,50";"BPC";
"RJ";"ANGRA DOS REIS";"08/2020";"3.260.402,50";"BPC";
"RJ";"ANGRA DOS REIS";"07/2020";"3.265.627,50";"BPC";
"RJ";"ANGRA DOS REIS";"06/2020";"3.273.987,50";"BPC";
"RJ";"ANGRA DOS REIS";"05/2020";"3.275.032,50";"BPC";
"RJ";"ANGRA DOS REIS";"04/2020";"3.277.122,50";"BPC";
"RJ";"ANGRA DOS REIS";"01/2021";"3.384.700,00";"BPC";
"RJ";"TERESÓPOLIS";"04/2020";"3.534.193,12";"BPC";
"RJ";"TERESÓPOLIS";"10/2020";"3.543.597,12";"BPC";
"RJ";"TERESÓPOLIS";"09/2020";"3.543.597,12";"BPC";
"RJ";"TERESÓPOLIS";"12/2020";"3.544.642,12";"BPC";
"RJ";"TERESÓPOLIS";"08/2020";"3.545.687,66";"BPC";
"RJ";"TERESÓPOLIS";"11/2020";"3.547.444,10";"BPC";
"RJ";"TERESÓPOLIS";"05/2020";"3.551.958,62";"BPC";
"RJ";"TERESÓPOLIS";"07/2020";"3.556.138,62";"BPC";
"RJ";"TERESÓPOLIS";"06/2020";"3.560.318,62";"BPC";
"RJ";"TERESÓPOLIS";"01/2021";"3.716.900,50";"BPC";
"RJ";"MARICÁ";"04/2020";"3.722.291,00";"BPC";
"RJ";"MARICÁ";"05/2020";"3.730.651,00";"BPC";
"RJ";"MARICÁ";"06/2020";"3.742.146,00";"BPC";
"RJ";"MARICÁ";"07/2020";"3.743.191,00";"BPC";
"RJ";"MARICÁ";"08/2020";"3.747.371,50";"BPC";
"RJ";"MARICÁ";"10/2020";"3.750.506,50";"BPC";
"RJ";"MARICÁ";"09/2020";"3.752.596,50";"BPC";
"RJ";"MARICÁ";"11/2020";"3.774.397,70";"BPC";
"RJ";"MARICÁ";"12/2020";"3.789.171,00";"BPC";
"RJ";"CABO FRIO";"04/2020";"3.799.620,90";"BPC";
"RJ";"CABO FRIO";"05/2020";"3.830.970,90";"BPC";
"RJ";"CABO FRIO";"06/2020";"3.839.330,90";"BPC";
"RJ";"CABO FRIO";"08/2020";"3.842.465,90";"BPC";
"RJ";"CABO FRIO";"07/2020";"3.849.780,90";"BPC";
"RJ";"ARARUAMA";"04/2020";"3.850.826,80";"BPC";
"RJ";"ARARUAMA";"07/2020";"3.858.141,10";"BPC";
"RJ";"ARARUAMA";"06/2020";"3.860.231,10";"BPC";
"RJ";"CABO FRIO";"09/2020";"3.865.455,90";"BPC";
"RJ";"ARARUAMA";"05/2020";"3.865.456,10";"BPC";
"RJ";"ARARUAMA";"09/2020";"3.865.456,10";"BPC";
"RJ";"ARARUAMA";"08/2020";"3.868.591,10";"BPC";
"RJ";"ARARUAMA";"10/2020";"3.874.861,10";"BPC";
"RJ";"CABO FRIO";"10/2020";"3.886.355,90";"BPC";
"RJ";"CABO FRIO";"11/2020";"3.901.844,27";"BPC";
"RJ";"ARARUAMA";"11/2020";"3.902.938,50";"BPC";
"RJ";"ARARUAMA";"12/2020";"3.915.616,10";"BPC";
"RJ";"CABO FRIO";"12/2020";"3.938.605,90";"BPC";
"RJ";"MACAÉ";"10/2020";"3.983.542,75";"BPC";
"RJ";"MACAÉ";"11/2020";"3.989.705,61";"BPC";
"RJ";"MACAÉ";"09/2020";"3.991.902,75";"BPC";
"RJ";"MARICÁ";"01/2021";"3.993.000,00";"BPC";
"RJ";"MACAÉ";"12/2020";"3.999.218,25";"BPC";
"RJ";"MACAÉ";"08/2020";"4.011.757,75";"BPC";
"RJ";"MACAÉ";"07/2020";"4.029.522,75";"BPC";
"RJ";"MACAÉ";"05/2020";"4.039.972,75";"BPC";
"RJ";"MACAÉ";"04/2020";"4.042.062,75";"BPC";
"RJ";"MACAÉ";"06/2020";"4.051.467,75";"BPC";
"RJ";"ARARUAMA";"01/2021";"4.120.600,00";"BPC";
"RJ";"CABO FRIO";"01/2021";"4.165.700,00";"BPC";
"RJ";"MACAÉ";"01/2021";"4.216.300,00";"BPC";
"RJ";"VOLTA REDONDA";"04/2020";"4.274.052,19";"BPC";
"RJ";"VOLTA REDONDA";"12/2020";"4.284.502,71";"BPC";
"RJ";"VOLTA REDONDA";"11/2020";"4.287.287,12";"BPC";
"RJ";"VOLTA REDONDA";"05/2020";"4.287.637,19";"BPC";
"RJ";"VOLTA REDONDA";"09/2020";"4.289.726,71";"BPC";
"RJ";"VOLTA REDONDA";"07/2020";"4.292.862,05";"BPC";
"RJ";"VOLTA REDONDA";"10/2020";"4.293.906,71";"BPC";
"RJ";"VOLTA REDONDA";"08/2020";"4.295.996,71";"BPC";
"RJ";"VOLTA REDONDA";"06/2020";"4.302.267,19";"BPC";
"RJ";"VOLTA REDONDA";"01/2021";"4.505.601,05";"BPC";
"RJ";"ITAGUAÍ";"08/2020";"4.915.682,31";"BPC";
"RJ";"ITAGUAÍ";"12/2020";"4.916.727,31";"BPC";
"RJ";"ITAGUAÍ";"09/2020";"4.918.817,31";"BPC";
"RJ";"ITAGUAÍ";"07/2020";"4.919.862,31";"BPC";
"RJ";"ITAGUAÍ";"10/2020";"4.920.907,31";"BPC";
"RJ";"ITAGUAÍ";"11/2020";"4.925.348,97";"BPC";
"RJ";"ITAGUAÍ";"04/2020";"4.943.897,31";"BPC";
"RJ";"ITAGUAÍ";"06/2020";"4.947.032,31";"BPC";
"RJ";"ITAGUAÍ";"05/2020";"4.948.077,31";"BPC";
"RJ";"ITAGUAÍ";"01/2021";"5.163.400,86";"BPC";
"RJ";"QUEIMADOS";"12/2020";"5.583.438,97";"BPC";
"RJ";"QUEIMADOS";"11/2020";"5.595.157,35";"BPC";
"RJ";"QUEIMADOS";"10/2020";"5.609.563,20";"BPC";
"RJ";"QUEIMADOS";"08/2020";"5.631.508,20";"BPC";
"RJ";"QUEIMADOS";"09/2020";"5.641.958,20";"BPC";
"RJ";"QUEIMADOS";"07/2020";"5.653.453,20";"BPC";
"RJ";"QUEIMADOS";"05/2020";"5.680.623,20";"BPC";
"RJ";"QUEIMADOS";"06/2020";"5.682.713,20";"BPC";
"RJ";"QUEIMADOS";"04/2020";"5.696.298,20";"BPC";
"RJ";"PETRÓPOLIS";"04/2020";"5.810.201,50";"BPC";
"RJ";"PETRÓPOLIS";"09/2020";"5.838.416,50";"BPC";
"RJ";"PETRÓPOLIS";"08/2020";"5.841.551,50";"BPC";
"RJ";"PETRÓPOLIS";"07/2020";"5.849.911,50";"BPC";
"RJ";"PETRÓPOLIS";"05/2020";"5.850.956,50";"BPC";
"RJ";"PETRÓPOLIS";"10/2020";"5.857.227,32";"BPC";
"RJ";"QUEIMADOS";"01/2021";"5.860.800,00";"BPC";
"RJ";"PETRÓPOLIS";"06/2020";"5.865.586,50";"BPC";
"RJ";"PETRÓPOLIS";"11/2020";"5.871.047,80";"BPC";
"RJ";"PETRÓPOLIS";"12/2020";"5.892.756,75";"BPC";
"RJ";"ITABORAÍ";"07/2020";"6.009.797,40";"BPC";
"RJ";"ITABORAÍ";"04/2020";"6.013.977,65";"BPC";
"RJ";"ITABORAÍ";"08/2020";"6.018.157,40";"BPC";
"RJ";"ITABORAÍ";"09/2020";"6.022.337,90";"BPC";
"RJ";"ITABORAÍ";"06/2020";"6.024.427,40";"BPC";
"RJ";"ITABORAÍ";"05/2020";"6.028.607,65";"BPC";
"RJ";"ITABORAÍ";"10/2020";"6.068.317,40";"BPC";
"RJ";"ITABORAÍ";"11/2020";"6.094.703,23";"BPC";
"RJ";"ITABORAÍ";"12/2020";"6.122.657,40";"BPC";
"RJ";"PETRÓPOLIS";"01/2021";"6.201.800,00";"BPC";
"RJ";"ITABORAÍ";"01/2021";"6.450.400,00";"BPC";
"RJ";"MAGÉ";"10/2020";"6.956.568,27";"BPC";
"RJ";"MAGÉ";"08/2020";"6.959.258,27";"BPC";
"RJ";"MAGÉ";"12/2020";"6.967.018,77";"BPC";
"RJ";"MAGÉ";"11/2020";"6.968.661,92";"BPC";
"RJ";"MAGÉ";"07/2020";"6.969.108,27";"BPC";
"RJ";"MAGÉ";"09/2020";"6.969.108,27";"BPC";
"RJ";"MAGÉ";"06/2020";"6.995.233,27";"BPC";
"RJ";"MAGÉ";"04/2020";"6.998.368,27";"BPC";
"RJ";"MAGÉ";"05/2020";"7.003.593,27";"BPC";
"RJ";"MESQUITA";"12/2020";"7.315.003,00";"BPC";
"RJ";"MESQUITA";"11/2020";"7.315.120,05";"BPC";
"RJ";"MESQUITA";"10/2020";"7.316.048,00";"BPC";
"RJ";"MAGÉ";"01/2021";"7.317.201,03";"BPC";
"RJ";"MESQUITA";"09/2020";"7.332.768,00";"BPC";
"RJ";"MESQUITA";"08/2020";"7.344.263,00";"BPC";
"RJ";"MESQUITA";"07/2020";"7.363.073,00";"BPC";
"RJ";"MESQUITA";"05/2020";"7.385.018,00";"BPC";
"RJ";"MESQUITA";"04/2020";"7.390.243,00";"BPC";
"RJ";"MESQUITA";"06/2020";"7.395.468,00";"BPC";
"RJ";"MESQUITA";"01/2021";"7.661.500,00";"BPC";
"RJ";"NILÓPOLIS";"10/2020";"8.194.893,49";"BPC";
"RJ";"NILÓPOLIS";"09/2020";"8.208.478,49";"BPC";
"RJ";"NILÓPOLIS";"08/2020";"8.221.018,49";"BPC";
"RJ";"NILÓPOLIS";"07/2020";"8.240.874,06";"BPC";
"RJ";"NILÓPOLIS";"06/2020";"8.272.223,49";"BPC";
"RJ";"NILÓPOLIS";"05/2020";"8.288.943,49";"BPC";
"RJ";"NILÓPOLIS";"04/2020";"8.310.888,99";"BPC";
"RJ";"NILÓPOLIS";"12/2020";"8.412.347,49";"BPC";
"RJ";"NILÓPOLIS";"11/2020";"8.435.531,61";"BPC";
"RJ";"NILÓPOLIS";"01/2021";"8.793.497,90";"BPC";
"RJ";"BELFORD ROXO";"04/2020";"9.241.981,92";"BPC";
"RJ";"BELFORD ROXO";"05/2020";"9.279.601,00";"BPC";
"RJ";"BELFORD ROXO";"07/2020";"9.279.601,00";"BPC";
"RJ";"BELFORD ROXO";"06/2020";"9.306.771,00";"BPC";
"RJ";"BELFORD ROXO";"08/2020";"9.324.536,00";"BPC";
"RJ";"BELFORD ROXO";"09/2020";"9.371.561,00";"BPC";
"RJ";"NITERÓI";"08/2020";"9.387.237,77";"BPC";
"RJ";"NITERÓI";"07/2020";"9.392.463,27";"BPC";
"RJ";"NITERÓI";"04/2020";"9.406.048,25";"BPC";
"RJ";"BELFORD ROXO";"10/2020";"9.413.361,00";"BPC";
"RJ";"NITERÓI";"06/2020";"9.413.363,04";"BPC";
"RJ";"NITERÓI";"09/2020";"9.432.172,77";"BPC";
"RJ";"NITERÓI";"05/2020";"9.446.803,25";"BPC";
"RJ";"NITERÓI";"10/2020";"9.451.052,43";"BPC";
"RJ";"BELFORD ROXO";"11/2020";"9.475.858,45";"BPC";
"RJ";"NITERÓI";"11/2020";"9.493.677,14";"BPC";
"RJ";"BELFORD ROXO";"12/2020";"9.530.401,50";"BPC";
"RJ";"NITERÓI";"12/2020";"9.541.897,67";"BPC";
"RJ";"NITERÓI";"01/2021";"10.057.300,02";"BPC";
"RJ";"BELFORD ROXO";"01/2021";"10.066.100,50";"BPC";
"RJ";"CAMPOS DOS GOYTACAZES";"04/2020";"10.267.128,92";"BPC";
"RJ";"CAMPOS DOS GOYTACAZES";"08/2020";"10.298.479,42";"BPC";
"RJ";"CAMPOS DOS GOYTACAZES";"05/2020";"10.314.153,92";"BPC";
"RJ";"CAMPOS DOS GOYTACAZES";"07/2020";"10.314.154,42";"BPC";
"RJ";"CAMPOS DOS GOYTACAZES";"10/2020";"10.318.333,92";"BPC";
"RJ";"CAMPOS DOS GOYTACAZES";"09/2020";"10.330.874,92";"BPC";
"RJ";"CAMPOS DOS GOYTACAZES";"06/2020";"10.335.053,92";"BPC";
"RJ";"CAMPOS DOS GOYTACAZES";"11/2020";"10.350.796,50";"BPC";
"RJ";"CAMPOS DOS GOYTACAZES";"12/2020";"10.387.304,42";"BPC";
"RJ";"CAMPOS DOS GOYTACAZES";"01/2021";"10.916.401,23";"BPC";
"RJ";"SÃO JOÃO DE MERITI";"08/2020";"11.361.242,65";"BPC";
"RJ";"SÃO JOÃO DE MERITI";"09/2020";"11.370.648,08";"BPC";
"RJ";"SÃO JOÃO DE MERITI";"10/2020";"11.371.692,93";"BPC";
"RJ";"SÃO JOÃO DE MERITI";"12/2020";"11.371.693,65";"BPC";
"RJ";"SÃO JOÃO DE MERITI";"07/2020";"11.384.233,98";"BPC";
"RJ";"SÃO JOÃO DE MERITI";"11/2020";"11.386.885,88";"BPC";
"RJ";"SÃO JOÃO DE MERITI";"04/2020";"11.416.628,40";"BPC";
"RJ";"SÃO JOÃO DE MERITI";"05/2020";"11.418.718,90";"BPC";
"RJ";"SÃO JOÃO DE MERITI";"06/2020";"11.424.988,90";"BPC";
"RJ";"SÃO JOÃO DE MERITI";"01/2021";"11.910.800,00";"BPC";
"RJ";"SÃO GONÇALO";"04/2020";"15.159.817,75";"BPC";
"RJ";"SÃO GONÇALO";"05/2020";"15.251.777,75";"BPC";
"RJ";"SÃO GONÇALO";"08/2020";"15.263.272,75";"BPC";
"RJ";"SÃO GONÇALO";"06/2020";"15.268.497,75";"BPC";
"RJ";"SÃO GONÇALO";"07/2020";"15.281.037,75";"BPC";
"RJ";"SÃO GONÇALO";"09/2020";"15.299.947,75";"BPC";
"RJ";"SÃO GONÇALO";"10/2020";"15.383.548,70";"BPC";
"RJ";"SÃO GONÇALO";"11/2020";"15.430.336,38";"BPC";
"RJ";"SÃO GONÇALO";"12/2020";"15.458.789,30";"BPC";
"RJ";"SÃO GONÇALO";"01/2021";"16.305.405,26";"BPC";
"RJ";"NOVA IGUAÇU";"07/2020";"19.342.962,82";"BPC";
"RJ";"NOVA IGUAÇU";"04/2020";"19.344.008,07";"BPC";
"RJ";"NOVA IGUAÇU";"08/2020";"19.349.233,32";"BPC";
"RJ";"NOVA IGUAÇU";"05/2020";"19.387.898,32";"BPC";
"RJ";"NOVA IGUAÇU";"06/2020";"19.406.708,03";"BPC";
"RJ";"NOVA IGUAÇU";"09/2020";"19.428.653,50";"BPC";
"RJ";"NOVA IGUAÇU";"10/2020";"19.440.148,78";"BPC";
"RJ";"NOVA IGUAÇU";"11/2020";"19.508.126,45";"BPC";
"RJ";"NOVA IGUAÇU";"12/2020";"19.528.973,72";"BPC";
"RJ";"NOVA IGUAÇU";"01/2021";"20.499.601,74";"BPC";
"RJ";"DUQUE DE CAXIAS";"10/2020";"28.273.527,09";"BPC";
"RJ";"DUQUE DE CAXIAS";"09/2020";"28.335.182,02";"BPC";
"RJ";"DUQUE DE CAXIAS";"11/2020";"28.337.948,39";"BPC";
"RJ";"DUQUE DE CAXIAS";"08/2020";"28.349.812,85";"BPC";
"RJ";"DUQUE DE CAXIAS";"07/2020";"28.359.218,01";"BPC";
"RJ";"DUQUE DE CAXIAS";"12/2020";"28.385.341,34";"BPC";
"RJ";"DUQUE DE CAXIAS";"04/2020";"28.503.427,90";"BPC";
"RJ";"DUQUE DE CAXIAS";"05/2020";"28.595.388,40";"BPC";
"RJ";"DUQUE DE CAXIAS";"06/2020";"28.610.018,40";"BPC";
"RJ";"DUQUE DE CAXIAS";"01/2021";"29.850.701,38";"BPC";
"RJ";"RIO DE JANEIRO";"04/2020";"117.143.581,83";"BPC";
"RJ";"RIO DE JANEIRO";"05/2020";"117.365.122,46";"BPC";
"RJ";"RIO DE JANEIRO";"07/2020";"117.461.263,38";"BPC";
"RJ";"RIO DE JANEIRO";"08/2020";"117.576.212,19";"BPC";
"RJ";"RIO DE JANEIRO";"06/2020";"117.769.537,63";"BPC";
"RJ";"RIO DE JANEIRO";"09/2020";"117.941.013,21";"BPC";
"RJ";"RIO DE JANEIRO";"10/2020";"118.194.948,75";"BPC";
"RJ";"RIO DE JANEIRO";"11/2020";"118.393.839,01";"BPC";
"RJ";"RIO DE JANEIRO";"12/2020";"118.830.218,56";"BPC";
"RJ";"RIO DE JANEIRO";"01/2021";"125.106.399,17";"BPC";
