Município;PIB (2018)
Angra dos Reis (RJ);8936325
Aperibé (RJ);181448
Araruama (RJ);2671410
Areal (RJ);314273
Armação dos Búzios (RJ);2550287
Arraial do Cabo (RJ);1291932
Barra do Piraí (RJ);2059585
Barra Mansa (RJ);5163796
Belford Roxo (RJ);7933424
Bom Jardim (RJ);671855
Bom Jesus do Itabapoana (RJ);761376
Cabo Frio (RJ);10970087
Cachoeiras de Macacu (RJ);1032922
Cambuci (RJ);336742
Carapebus (RJ);521856
Comendador Levy Gasparian (RJ);389185
Campos dos Goytacazes (RJ);32313154
Cantagalo (RJ);737719
Cardoso Moreira (RJ);279301
Carmo (RJ);455486
Casimiro de Abreu (RJ);2187814
Conceição de Macabu (RJ);355130
Cordeiro (RJ);507446
Duas Barras (RJ);209548
Duque de Caxias (RJ);41595845
Engenheiro Paulo de Frontin (RJ);260409
Guapimirim (RJ);976315
Iguaba Grande (RJ);489244
Itaboraí (RJ);4474777
Itaguaí (RJ);8054417
Italva (RJ);306439
Itaocara (RJ);542632
Itaperuna (RJ);2787493
Itatiaia (RJ);4931800
Japeri (RJ);1437339
Laje do Muriaé (RJ);136117
Macaé (RJ);15405622
Macuco (RJ);153464
Magé (RJ);3880686
Mangaratiba (RJ);3591900
Maricá (RJ);26982459
Mendes (RJ);321861
Mesquita (RJ);2261969
Miguel Pereira (RJ);589546
Miracema (RJ);529167
Natividade (RJ);280724
Nilópolis (RJ);2802534
Niterói (RJ);40356679
Nova Friburgo (RJ);5215052
Nova Iguaçu (RJ);16818603
Paracambi (RJ);974072
Paraíba do Sul (RJ);993787
Paraty (RJ);2619518
Paty do Alferes (RJ);542657
Petrópolis (RJ);12672637
Pinheiral (RJ);542039
Piraí (RJ);1852601
Porciúncula (RJ);350061
Porto Real (RJ);2856209
Quatis (RJ);264979
Queimados (RJ);3589831
Quissamã (RJ);2471430
Resende (RJ);8425983
Rio Bonito (RJ);1660195
Rio Claro (RJ);401550
Rio das Flores (RJ);205314
Rio das Ostras (RJ);8582561
Rio de Janeiro (RJ);364052058
Santa Maria Madalena (RJ);181421
Santo Antônio de Pádua (RJ);1086943
São Francisco de Itabapoana (RJ);1023340
São Fidélis (RJ);695181
São Gonçalo (RJ);18501296
São João da Barra (RJ);7203742
São João de Meriti (RJ);9308683
São José de Ubá (RJ);204855
São José do Vale do Rio Preto (RJ);532113
São Pedro da Aldeia (RJ);2289291
São Sebastião do Alto (RJ);203323
Sapucaia (RJ);736527
Saquarema (RJ);3091089
Seropédica (RJ);4462277
Silva Jardim (RJ);465703
Sumidouro (RJ);447968
Tanguá (RJ);550372
Teresópolis (RJ);5155905
Trajano de Moraes (RJ);195798
Três Rios (RJ);3956601
Valença (RJ);2564836
Varre-Sai (RJ);187033
Vassouras (RJ);977186
Volta Redonda (RJ);13764889
